Close price,Exchange Date
561,04-Jan-2000
560,05-Jan-2000
556,06-Jan-2000
564,07-Jan-2000
565,10-Jan-2000
564,11-Jan-2000
568,12-Jan-2000
579,13-Jan-2000
573,14-Jan-2000
564,17-Jan-2000
560,18-Jan-2000
565,19-Jan-2000
565,20-Jan-2000
569,21-Jan-2000
567,24-Jan-2000
567,25-Jan-2000
571,26-Jan-2000
565,27-Jan-2000
569,28-Jan-2000
552,31-Jan-2000
521,01-Feb-2000
530,02-Feb-2000
533,03-Feb-2000
535,04-Feb-2000
536,07-Feb-2000
533,08-Feb-2000
538,09-Feb-2000
537,10-Feb-2000
536,11-Feb-2000
528,14-Feb-2000
532,15-Feb-2000
530,16-Feb-2000
537,17-Feb-2000
539,18-Feb-2000
533,21-Feb-2000
530,22-Feb-2000
531,23-Feb-2000
533,24-Feb-2000
512,25-Feb-2000
508,28-Feb-2000
525,29-Feb-2000
536,01-Mar-2000
567,02-Mar-2000
586,03-Mar-2000
582,06-Mar-2000
594,07-Mar-2000
586,08-Mar-2000
591,09-Mar-2000
580,10-Mar-2000
582,13-Mar-2000
597,14-Mar-2000
609,15-Mar-2000
616,16-Mar-2000
603,17-Mar-2000
583,20-Mar-2000
566,21-Mar-2000
578,22-Mar-2000
575,23-Mar-2000
550,24-Mar-2000
540,27-Mar-2000
549,28-Mar-2000
567,29-Mar-2000
547,30-Mar-2000
588,31-Mar-2000
571,03-Apr-2000
587,04-Apr-2000
595,05-Apr-2000
604,06-Apr-2000
599,07-Apr-2000
595,10-Apr-2000
599,11-Apr-2000
596,12-Apr-2000
599,13-Apr-2000
595,14-Apr-2000
598,17-Apr-2000
621,18-Apr-2000
609,19-Apr-2000
600,20-Apr-2000
588,25-Apr-2000
585,26-Apr-2000
570,27-Apr-2000
577,28-Apr-2000
583,02-May-2000
580,03-May-2000
587,04-May-2000
589,05-May-2000
576,08-May-2000
580,09-May-2000
586,10-May-2000
606,11-May-2000
605,12-May-2000
599,15-May-2000
624,16-May-2000
618,17-May-2000
625,18-May-2000
647,19-May-2000
644,22-May-2000
638,23-May-2000
645,24-May-2000
645,25-May-2000
638,26-May-2000
625,30-May-2000
635,31-May-2000
640,01-Jun-2000
631,02-Jun-2000
620,05-Jun-2000
618,06-Jun-2000
604,07-Jun-2000
627,08-Jun-2000
629,09-Jun-2000
624,12-Jun-2000
629,13-Jun-2000
630,14-Jun-2000
634,15-Jun-2000
639,16-Jun-2000
632,19-Jun-2000
621,20-Jun-2000
632,21-Jun-2000
632,22-Jun-2000
615,23-Jun-2000
592,26-Jun-2000
597,27-Jun-2000
599,28-Jun-2000
596,29-Jun-2000
585,30-Jun-2000
580,03-Jul-2000
593,04-Jul-2000
593,05-Jul-2000
588,06-Jul-2000
599,07-Jul-2000
594,10-Jul-2000
600,11-Jul-2000
593,12-Jul-2000
596,13-Jul-2000
588,14-Jul-2000
625,17-Jul-2000
628,18-Jul-2000
630,19-Jul-2000
649,20-Jul-2000
649,21-Jul-2000
622,24-Jul-2000
620,25-Jul-2000
622,26-Jul-2000
617,27-Jul-2000
624,28-Jul-2000
618,31-Jul-2000
614,01-Aug-2000
616,02-Aug-2000
592,03-Aug-2000
583,04-Aug-2000
570,07-Aug-2000
576,08-Aug-2000
568,09-Aug-2000
578,10-Aug-2000
577,11-Aug-2000
578,14-Aug-2000
577,15-Aug-2000
575,16-Aug-2000
574,17-Aug-2000
575,18-Aug-2000
577,21-Aug-2000
576,22-Aug-2000
563,23-Aug-2000
576,24-Aug-2000
570,25-Aug-2000
569,29-Aug-2000
578,30-Aug-2000
589,31-Aug-2000
586,01-Sep-2000
595,04-Sep-2000
593,05-Sep-2000
596,06-Sep-2000
588,07-Sep-2000
602,08-Sep-2000
609,11-Sep-2000
615,12-Sep-2000
615,13-Sep-2000
622,14-Sep-2000
646,15-Sep-2000
649,18-Sep-2000
643,19-Sep-2000
637,20-Sep-2000
629,21-Sep-2000
621,22-Sep-2000
615,25-Sep-2000
612,26-Sep-2000
607,27-Sep-2000
603,28-Sep-2000
611,29-Sep-2000
606,02-Oct-2000
612,03-Oct-2000
618,04-Oct-2000
639,05-Oct-2000
632,06-Oct-2000
629,09-Oct-2000
638,10-Oct-2000
630,11-Oct-2000
619,12-Oct-2000
622,13-Oct-2000
623,16-Oct-2000
626,17-Oct-2000
625,18-Oct-2000
624,19-Oct-2000
611,20-Oct-2000
605,23-Oct-2000
617,24-Oct-2000
608,25-Oct-2000
612,26-Oct-2000
591,27-Oct-2000
582,30-Oct-2000
586,31-Oct-2000
582,01-Nov-2000
589,02-Nov-2000
583,03-Nov-2000
582,06-Nov-2000
584,07-Nov-2000
582,08-Nov-2000
583,09-Nov-2000
576,10-Nov-2000
561,13-Nov-2000
560,14-Nov-2000
562,15-Nov-2000
560,16-Nov-2000
560,17-Nov-2000
555,20-Nov-2000
550,21-Nov-2000
548,22-Nov-2000
545,23-Nov-2000
541,24-Nov-2000
540,27-Nov-2000
540,28-Nov-2000
545,29-Nov-2000
560,30-Nov-2000
551,01-Dec-2000
554,04-Dec-2000
557,05-Dec-2000
554,06-Dec-2000
558,07-Dec-2000
552,08-Dec-2000
538,11-Dec-2000
534,12-Dec-2000
558,13-Dec-2000
558,14-Dec-2000
561,15-Dec-2000
559,18-Dec-2000
559,19-Dec-2000
569,20-Dec-2000
592,21-Dec-2000
588,22-Dec-2000
588,27-Dec-2000
586,28-Dec-2000
582,29-Dec-2000
587,02-Jan-2001
580,03-Jan-2001
584,04-Jan-2001
616,05-Jan-2001
624,08-Jan-2001
622,09-Jan-2001
616,10-Jan-2001
634,11-Jan-2001
661,12-Jan-2001
690,15-Jan-2001
693,16-Jan-2001
716,17-Jan-2001
766,18-Jan-2001
730,19-Jan-2001
754,22-Jan-2001
752,23-Jan-2001
770,24-Jan-2001
785,25-Jan-2001
808,26-Jan-2001
834,29-Jan-2001
824,30-Jan-2001
800,31-Jan-2001
809,01-Feb-2001
811,02-Feb-2001
805,05-Feb-2001
828,06-Feb-2001
818,07-Feb-2001
810,08-Feb-2001
806,09-Feb-2001
822,12-Feb-2001
844,13-Feb-2001
849,14-Feb-2001
842,15-Feb-2001
879,16-Feb-2001
907,19-Feb-2001
918,20-Feb-2001
931,21-Feb-2001
934,22-Feb-2001
925,23-Feb-2001
881,26-Feb-2001
881,27-Feb-2001
910,28-Feb-2001
905,01-Mar-2001
889,02-Mar-2001
919,05-Mar-2001
886,06-Mar-2001
882,07-Mar-2001
869,08-Mar-2001
877,09-Mar-2001
850,12-Mar-2001
842,13-Mar-2001
820,14-Mar-2001
800,15-Mar-2001
788,16-Mar-2001
785,19-Mar-2001
773,20-Mar-2001
741,21-Mar-2001
795,22-Mar-2001
814,23-Mar-2001
833,26-Mar-2001
830,27-Mar-2001
821,28-Mar-2001
825,29-Mar-2001
851,30-Mar-2001
844,02-Apr-2001
830,03-Apr-2001
811,04-Apr-2001
811,05-Apr-2001
817,06-Apr-2001
792,09-Apr-2001
788,10-Apr-2001
792,11-Apr-2001
797,12-Apr-2001
769,17-Apr-2001
776,18-Apr-2001
754,19-Apr-2001
772,20-Apr-2001
773,23-Apr-2001
771,24-Apr-2001
777,25-Apr-2001
786,26-Apr-2001
780,27-Apr-2001
764,30-Apr-2001
759,01-May-2001
746,02-May-2001
758,03-May-2001
751,04-May-2001
789,08-May-2001
788,09-May-2001
799,10-May-2001
803,11-May-2001
796,14-May-2001
796,15-May-2001
873,16-May-2001
850,17-May-2001
850,18-May-2001
848,21-May-2001
830,22-May-2001
843,23-May-2001
830,24-May-2001
792,25-May-2001
792,28-May-2001
783,29-May-2001
739,30-May-2001
740,31-May-2001
733,01-Jun-2001
727,04-Jun-2001
733,05-Jun-2001
743,06-Jun-2001
720,07-Jun-2001
726,08-Jun-2001
739,11-Jun-2001
724,12-Jun-2001
738,13-Jun-2001
727,14-Jun-2001
728,15-Jun-2001
730,18-Jun-2001
711,19-Jun-2001
686,20-Jun-2001
681,21-Jun-2001
697,22-Jun-2001
679,25-Jun-2001
696,26-Jun-2001
707,27-Jun-2001
715,28-Jun-2001
735,29-Jun-2001
730,02-Jul-2001
728,03-Jul-2001
720,04-Jul-2001
721,05-Jul-2001
729,06-Jul-2001
709,09-Jul-2001
690,10-Jul-2001
690,11-Jul-2001
675,12-Jul-2001
684,13-Jul-2001
677,16-Jul-2001
690,17-Jul-2001
680,18-Jul-2001
702,19-Jul-2001
707,20-Jul-2001
699,23-Jul-2001
695,24-Jul-2001
694,25-Jul-2001
692,26-Jul-2001
678,27-Jul-2001
684,30-Jul-2001
703,31-Jul-2001
691,01-Aug-2001
691,02-Aug-2001
694,03-Aug-2001
725,06-Aug-2001
738,07-Aug-2001
736,08-Aug-2001
751,09-Aug-2001
741,10-Aug-2001
742,13-Aug-2001
740,14-Aug-2001
748,15-Aug-2001
750,16-Aug-2001
740,17-Aug-2001
734,20-Aug-2001
725,21-Aug-2001
724,22-Aug-2001
710,23-Aug-2001
716,24-Aug-2001
715,28-Aug-2001
698,29-Aug-2001
684,30-Aug-2001
686,31-Aug-2001
677,03-Sep-2001
668,04-Sep-2001
648,05-Sep-2001
657,06-Sep-2001
664,07-Sep-2001
666,10-Sep-2001
681,11-Sep-2001
681,12-Sep-2001
691,13-Sep-2001
710,14-Sep-2001
707,17-Sep-2001
703,18-Sep-2001
714,19-Sep-2001
747,20-Sep-2001
743,21-Sep-2001
740,24-Sep-2001
738,25-Sep-2001
745,26-Sep-2001
766,27-Sep-2001
795,28-Sep-2001
795,01-Oct-2001
794,02-Oct-2001
799,03-Oct-2001
818,04-Oct-2001
809,05-Oct-2001
780,08-Oct-2001
755,09-Oct-2001
769,10-Oct-2001
767,11-Oct-2001
756,12-Oct-2001
750,15-Oct-2001
759,16-Oct-2001
781,17-Oct-2001
769,18-Oct-2001
755,19-Oct-2001
743,22-Oct-2001
755,23-Oct-2001
747,24-Oct-2001
736,25-Oct-2001
737,26-Oct-2001
727,29-Oct-2001
730,30-Oct-2001
743,31-Oct-2001
743,01-Nov-2001
733,02-Nov-2001
731,05-Nov-2001
730,06-Nov-2001
771,07-Nov-2001
836,08-Nov-2001
844,09-Nov-2001
840,12-Nov-2001
888,13-Nov-2001
884,14-Nov-2001
906,15-Nov-2001
928,16-Nov-2001
946,19-Nov-2001
935,20-Nov-2001
934,21-Nov-2001
935,22-Nov-2001
936,23-Nov-2001
958,26-Nov-2001
949,27-Nov-2001
951,28-Nov-2001
984,29-Nov-2001
980,30-Nov-2001
960,03-Dec-2001
940,04-Dec-2001
946,05-Dec-2001
950,06-Dec-2001
920,07-Dec-2001
896,10-Dec-2001
953,11-Dec-2001
963,12-Dec-2001
977,13-Dec-2001
990,14-Dec-2001
986,17-Dec-2001
978,18-Dec-2001
962,19-Dec-2001
959,20-Dec-2001
963,21-Dec-2001
970,27-Dec-2001
973,28-Dec-2001
975,02-Jan-2002
970,03-Jan-2002
"1,026",04-Jan-2002
"1,041",07-Jan-2002
"1,027",08-Jan-2002
"1,035",09-Jan-2002
"1,015",10-Jan-2002
"1,007",11-Jan-2002
967,14-Jan-2002
981,15-Jan-2002
"1,000",16-Jan-2002
990,17-Jan-2002
974,18-Jan-2002
971,21-Jan-2002
"1,000",22-Jan-2002
"1,023",23-Jan-2002
"1,005",24-Jan-2002
"1,021",25-Jan-2002
"1,022",28-Jan-2002
"1,021",29-Jan-2002
"1,036",30-Jan-2002
"1,024",31-Jan-2002
"1,024",01-Feb-2002
"1,059",04-Feb-2002
"1,045",05-Feb-2002
"1,062",06-Feb-2002
"1,093",07-Feb-2002
"1,105",08-Feb-2002
"1,115",11-Feb-2002
"1,103",12-Feb-2002
"1,093",13-Feb-2002
"1,095",14-Feb-2002
"1,105",15-Feb-2002
"1,104",18-Feb-2002
"1,085",19-Feb-2002
"1,065",20-Feb-2002
"1,065",21-Feb-2002
"1,084",22-Feb-2002
"1,107",25-Feb-2002
"1,120",26-Feb-2002
"1,110",27-Feb-2002
"1,118",28-Feb-2002
"1,142",01-Mar-2002
"1,140",04-Mar-2002
"1,130",05-Mar-2002
"1,134",06-Mar-2002
"1,159",07-Mar-2002
"1,165",08-Mar-2002
"1,177",11-Mar-2002
"1,194",12-Mar-2002
"1,188",13-Mar-2002
"1,232",14-Mar-2002
"1,229",15-Mar-2002
"1,217",18-Mar-2002
"1,208",19-Mar-2002
"1,190",20-Mar-2002
"1,190",21-Mar-2002
"1,215",22-Mar-2002
"1,184",25-Mar-2002
"1,170",26-Mar-2002
"1,190",27-Mar-2002
"1,191",28-Mar-2002
"1,180",02-Apr-2002
"1,171",03-Apr-2002
"1,186",04-Apr-2002
"1,218",05-Apr-2002
"1,183",08-Apr-2002
"1,168",09-Apr-2002
"1,151",10-Apr-2002
"1,151",11-Apr-2002
"1,175",12-Apr-2002
"1,165",15-Apr-2002
"1,167",16-Apr-2002
"1,190",17-Apr-2002
"1,190",18-Apr-2002
"1,189",19-Apr-2002
"1,195",22-Apr-2002
"1,205",23-Apr-2002
"1,197",24-Apr-2002
"1,194",25-Apr-2002
"1,196",26-Apr-2002
"1,183",29-Apr-2002
"1,196",30-Apr-2002
"1,173",01-May-2002
"1,184",02-May-2002
"1,182",03-May-2002
"1,182",06-May-2002
"1,163",07-May-2002
"1,178",08-May-2002
"1,184",09-May-2002
"1,172",10-May-2002
"1,190",13-May-2002
"1,202",14-May-2002
"1,205",15-May-2002
"1,231",16-May-2002
"1,278",17-May-2002
"1,272",20-May-2002
"1,282",21-May-2002
"1,265",22-May-2002
"1,269",23-May-2002
"1,261",24-May-2002
"1,258",27-May-2002
"1,275",28-May-2002
"1,294",29-May-2002
"1,304",30-May-2002
"1,298",31-May-2002
"1,298",03-Jun-2002
"1,298",04-Jun-2002
"1,286",05-Jun-2002
"1,277",06-Jun-2002
"1,275",07-Jun-2002
"1,224",10-Jun-2002
"1,237",11-Jun-2002
"1,260",12-Jun-2002
"1,257",13-Jun-2002
"1,253",14-Jun-2002
"1,265",17-Jun-2002
"1,264",18-Jun-2002
"1,276",19-Jun-2002
"1,300",20-Jun-2002
"1,316",21-Jun-2002
"1,331",24-Jun-2002
"1,335",25-Jun-2002
"1,339",26-Jun-2002
"1,347",27-Jun-2002
"1,347",28-Jun-2002
"1,355",01-Jul-2002
"1,373",02-Jul-2002
"1,383",03-Jul-2002
"1,400",04-Jul-2002
"1,405",05-Jul-2002
"1,406",08-Jul-2002
"1,430",09-Jul-2002
"1,450",10-Jul-2002
"1,468",11-Jul-2002
"1,407",12-Jul-2002
"1,423",15-Jul-2002
"1,449",16-Jul-2002
"1,370",17-Jul-2002
"1,366",18-Jul-2002
"1,389",19-Jul-2002
"1,399",22-Jul-2002
"1,375",23-Jul-2002
"1,351",24-Jul-2002
"1,400",25-Jul-2002
"1,405",26-Jul-2002
"1,390",29-Jul-2002
"1,380",30-Jul-2002
"1,403",31-Jul-2002
"1,378",01-Aug-2002
"1,309",02-Aug-2002
"1,311",05-Aug-2002
"1,331",06-Aug-2002
"1,355",07-Aug-2002
"1,350",08-Aug-2002
"1,357",09-Aug-2002
"1,358",12-Aug-2002
"1,366",13-Aug-2002
"1,359",14-Aug-2002
"1,376",15-Aug-2002
"1,371",16-Aug-2002
"1,390",19-Aug-2002
"1,399",20-Aug-2002
"1,406",21-Aug-2002
"1,410",22-Aug-2002
"1,400",23-Aug-2002
"1,400",26-Aug-2002
"1,388",27-Aug-2002
"1,389",28-Aug-2002
"1,404",29-Aug-2002
"1,406",30-Aug-2002
"1,401",02-Sep-2002
"1,364",03-Sep-2002
"1,381",04-Sep-2002
"1,388",05-Sep-2002
"1,398",06-Sep-2002
"1,400",09-Sep-2002
"1,389",10-Sep-2002
"1,398",11-Sep-2002
"1,399",12-Sep-2002
"1,385",13-Sep-2002
"1,443",16-Sep-2002
"1,451",17-Sep-2002
"1,455",18-Sep-2002
"1,478",19-Sep-2002
"1,477",20-Sep-2002
"1,480",23-Sep-2002
"1,476",24-Sep-2002
"1,493",25-Sep-2002
"1,499",26-Sep-2002
"1,510",27-Sep-2002
"1,519",30-Sep-2002
"1,515",01-Oct-2002
"1,518",02-Oct-2002
"1,524",03-Oct-2002
"1,530",04-Oct-2002
"1,540",07-Oct-2002
"1,555",08-Oct-2002
"1,582",09-Oct-2002
"1,605",10-Oct-2002
"1,593",11-Oct-2002
"1,613",14-Oct-2002
"1,586",15-Oct-2002
"1,454",16-Oct-2002
"1,454",17-Oct-2002
"1,350",18-Oct-2002
"1,348",21-Oct-2002
"1,399",22-Oct-2002
"1,424",23-Oct-2002
"1,422",24-Oct-2002
"1,409",25-Oct-2002
"1,363",28-Oct-2002
"1,304",29-Oct-2002
"1,309",30-Oct-2002
"1,298",31-Oct-2002
"1,270",01-Nov-2002
"1,213",04-Nov-2002
"1,206",05-Nov-2002
"1,259",06-Nov-2002
"1,247",07-Nov-2002
"1,219",08-Nov-2002
"1,192",11-Nov-2002
"1,149",12-Nov-2002
"1,135",13-Nov-2002
"1,136",14-Nov-2002
"1,141",15-Nov-2002
"1,153",18-Nov-2002
"1,143",19-Nov-2002
"1,141",20-Nov-2002
"1,139",21-Nov-2002
"1,131",22-Nov-2002
"1,120",25-Nov-2002
"1,111",26-Nov-2002
"1,140",27-Nov-2002
"1,149",28-Nov-2002
"1,173",29-Nov-2002
"1,160",02-Dec-2002
"1,191",03-Dec-2002
"1,193",04-Dec-2002
"1,214",05-Dec-2002
"1,241",06-Dec-2002
"1,312",09-Dec-2002
"1,340",10-Dec-2002
"1,305",11-Dec-2002
"1,307",12-Dec-2002
"1,340",13-Dec-2002
"1,328",16-Dec-2002
"1,341",17-Dec-2002
"1,340",18-Dec-2002
"1,340",19-Dec-2002
"1,334",20-Dec-2002
"1,327",23-Dec-2002
"1,318",24-Dec-2002
"1,295",27-Dec-2002
"1,285",30-Dec-2002
"1,287",31-Dec-2002
"1,349",02-Jan-2003
"1,375",03-Jan-2003
"1,392",06-Jan-2003
"1,390",07-Jan-2003
"1,338",08-Jan-2003
"1,365",09-Jan-2003
"1,358",10-Jan-2003
"1,322",13-Jan-2003
"1,314",14-Jan-2003
"1,321",15-Jan-2003
"1,357",16-Jan-2003
"1,351",17-Jan-2003
"1,351",20-Jan-2003
"1,356",21-Jan-2003
"1,354",22-Jan-2003
"1,380",23-Jan-2003
"1,350",24-Jan-2003
"1,376",27-Jan-2003
"1,419",28-Jan-2003
"1,438",29-Jan-2003
"1,454",30-Jan-2003
"1,473",31-Jan-2003
"1,458",03-Feb-2003
"1,468",04-Feb-2003
"1,458",05-Feb-2003
"1,419",06-Feb-2003
"1,470",07-Feb-2003
"1,454",10-Feb-2003
"1,438",11-Feb-2003
"1,457",12-Feb-2003
"1,454",13-Feb-2003
"1,486",14-Feb-2003
"1,476",17-Feb-2003
"1,464",18-Feb-2003
"1,471",19-Feb-2003
"1,368",20-Feb-2003
"1,364",21-Feb-2003
"1,380",24-Feb-2003
"1,298",25-Feb-2003
"1,330",26-Feb-2003
"1,340",27-Feb-2003
"1,338",28-Feb-2003
"1,284",03-Mar-2003
"1,303",04-Mar-2003
"1,304",05-Mar-2003
"1,292",06-Mar-2003
"1,315",07-Mar-2003
"1,307",10-Mar-2003
"1,292",11-Mar-2003
"1,295",12-Mar-2003
"1,284",13-Mar-2003
"1,266",14-Mar-2003
"1,304",17-Mar-2003
"1,354",18-Mar-2003
"1,325",19-Mar-2003
"1,323",20-Mar-2003
"1,305",21-Mar-2003
"1,273",24-Mar-2003
"1,267",25-Mar-2003
"1,243",26-Mar-2003
"1,248",27-Mar-2003
"1,239",28-Mar-2003
"1,256",31-Mar-2003
"1,250",01-Apr-2003
"1,270",02-Apr-2003
"1,253",03-Apr-2003
"1,255",04-Apr-2003
"1,274",07-Apr-2003
"1,296",08-Apr-2003
"1,289",09-Apr-2003
"1,250",10-Apr-2003
"1,215",11-Apr-2003
"1,212",14-Apr-2003
"1,203",15-Apr-2003
"1,207",16-Apr-2003
"1,210",17-Apr-2003
"1,255",22-Apr-2003
"1,208",23-Apr-2003
"1,220",24-Apr-2003
"1,236",25-Apr-2003
"1,227",28-Apr-2003
"1,240",29-Apr-2003
"1,236",30-Apr-2003
"1,232",01-May-2003
"1,219",02-May-2003
"1,219",05-May-2003
"1,188",06-May-2003
"1,168",07-May-2003
"1,162",08-May-2003
"1,161",09-May-2003
"1,148",12-May-2003
"1,107",13-May-2003
"1,096",14-May-2003
"1,100",15-May-2003
"1,116",16-May-2003
"1,073",19-May-2003
"1,036",20-May-2003
"1,031",21-May-2003
"1,068",22-May-2003
"1,072",23-May-2003
"1,072",26-May-2003
"1,005",27-May-2003
"1,015",28-May-2003
970,29-May-2003
974,30-May-2003
"1,008",02-Jun-2003
987,03-Jun-2003
987,04-Jun-2003
958,05-Jun-2003
954,06-Jun-2003
957,09-Jun-2003
947,10-Jun-2003
953,11-Jun-2003
953,12-Jun-2003
933,13-Jun-2003
933,16-Jun-2003
965,17-Jun-2003
962,18-Jun-2003
920,19-Jun-2003
973,20-Jun-2003
963,23-Jun-2003
959,24-Jun-2003
967,25-Jun-2003
974,26-Jun-2003
"1,000",27-Jun-2003
"1,020",30-Jun-2003
"1,007",01-Jul-2003
"1,012",02-Jul-2003
"1,008",03-Jul-2003
"1,020",04-Jul-2003
"1,030",07-Jul-2003
"1,022",08-Jul-2003
996,09-Jul-2003
967,10-Jul-2003
967,11-Jul-2003
950,14-Jul-2003
949,15-Jul-2003
953,16-Jul-2003
"1,006",17-Jul-2003
957,18-Jul-2003
949,21-Jul-2003
926,22-Jul-2003
938,23-Jul-2003
939,24-Jul-2003
947,25-Jul-2003
922,28-Jul-2003
942,29-Jul-2003
944,30-Jul-2003
938,31-Jul-2003
932,01-Aug-2003
935,04-Aug-2003
927,05-Aug-2003
921,06-Aug-2003
928,07-Aug-2003
934,08-Aug-2003
945,11-Aug-2003
934,12-Aug-2003
943,13-Aug-2003
940,14-Aug-2003
943,15-Aug-2003
960,18-Aug-2003
955,19-Aug-2003
974,20-Aug-2003
"1,011",21-Aug-2003
"1,037",22-Aug-2003
"1,037",25-Aug-2003
"1,098",26-Aug-2003
"1,082",27-Aug-2003
"1,130",28-Aug-2003
"1,132",29-Aug-2003
"1,115",01-Sep-2003
"1,102",02-Sep-2003
"1,063",03-Sep-2003
"1,083",04-Sep-2003
"1,073",05-Sep-2003
"1,074",08-Sep-2003
"1,053",09-Sep-2003
"1,032",10-Sep-2003
972,11-Sep-2003
964,12-Sep-2003
963,15-Sep-2003
969,16-Sep-2003
984,17-Sep-2003
957,18-Sep-2003
967,19-Sep-2003
955,22-Sep-2003
"1,001",23-Sep-2003
"1,017",24-Sep-2003
"1,022",25-Sep-2003
988,26-Sep-2003
992,29-Sep-2003
"1,013",30-Sep-2003
969,01-Oct-2003
957,02-Oct-2003
963,03-Oct-2003
958,06-Oct-2003
964,07-Oct-2003
912,08-Oct-2003
922,09-Oct-2003
916,10-Oct-2003
925,13-Oct-2003
896,14-Oct-2003
905,15-Oct-2003
891,16-Oct-2003
850,17-Oct-2003
856,20-Oct-2003
864,21-Oct-2003
844,22-Oct-2003
849,23-Oct-2003
859,24-Oct-2003
851,27-Oct-2003
844,28-Oct-2003
852,29-Oct-2003
847,30-Oct-2003
850,31-Oct-2003
851,03-Nov-2003
861,04-Nov-2003
873,05-Nov-2003
877,06-Nov-2003
898,07-Nov-2003
870,10-Nov-2003
888,11-Nov-2003
911,12-Nov-2003
925,13-Nov-2003
940,14-Nov-2003
921,17-Nov-2003
907,18-Nov-2003
921,19-Nov-2003
912,20-Nov-2003
878,21-Nov-2003
879,24-Nov-2003
853,25-Nov-2003
855,26-Nov-2003
857,27-Nov-2003
868,28-Nov-2003
899,01-Dec-2003
890,02-Dec-2003
910,03-Dec-2003
931,04-Dec-2003
920,05-Dec-2003
926,08-Dec-2003
984,09-Dec-2003
962,10-Dec-2003
944,11-Dec-2003
950,12-Dec-2003
962,15-Dec-2003
925,16-Dec-2003
934,17-Dec-2003
934,18-Dec-2003
924,19-Dec-2003
914,22-Dec-2003
906,23-Dec-2003
908,24-Dec-2003
900,29-Dec-2003
891,30-Dec-2003
893,31-Dec-2003
859,02-Jan-2004
851,05-Jan-2004
885,06-Jan-2004
933,07-Jan-2004
918,08-Jan-2004
943,09-Jan-2004
938,12-Jan-2004
922,13-Jan-2004
906,14-Jan-2004
907,15-Jan-2004
925,16-Jan-2004
947,19-Jan-2004
922,20-Jan-2004
942,21-Jan-2004
961,22-Jan-2004
930,23-Jan-2004
934,26-Jan-2004
923,27-Jan-2004
879,28-Jan-2004
907,29-Jan-2004
905,30-Jan-2004
899,02-Feb-2004
945,03-Feb-2004
931,04-Feb-2004
940,05-Feb-2004
898,06-Feb-2004
888,09-Feb-2004
888,10-Feb-2004
881,11-Feb-2004
883,12-Feb-2004
880,13-Feb-2004
872,16-Feb-2004
875,17-Feb-2004
860,18-Feb-2004
844,19-Feb-2004
831,20-Feb-2004
831,23-Feb-2004
841,24-Feb-2004
862,25-Feb-2004
914,26-Feb-2004
903,27-Feb-2004
881,01-Mar-2004
875,02-Mar-2004
856,03-Mar-2004
847,04-Mar-2004
829,05-Mar-2004
828,08-Mar-2004
823,09-Mar-2004
812,10-Mar-2004
825,11-Mar-2004
822,12-Mar-2004
834,15-Mar-2004
826,16-Mar-2004
830,17-Mar-2004
841,18-Mar-2004
840,19-Mar-2004
851,22-Mar-2004
844,23-Mar-2004
855,24-Mar-2004
849,25-Mar-2004
865,26-Mar-2004
859,29-Mar-2004
867,30-Mar-2004
880,31-Mar-2004
867,01-Apr-2004
811,02-Apr-2004
832,05-Apr-2004
819,06-Apr-2004
811,07-Apr-2004
812,08-Apr-2004
798,13-Apr-2004
814,14-Apr-2004
805,15-Apr-2004
791,16-Apr-2004
797,19-Apr-2004
781,20-Apr-2004
788,21-Apr-2004
789,22-Apr-2004
805,23-Apr-2004
815,26-Apr-2004
804,27-Apr-2004
824,28-Apr-2004
831,29-Apr-2004
833,30-Apr-2004
807,04-May-2004
790,05-May-2004
788,06-May-2004
789,07-May-2004
786,10-May-2004
787,11-May-2004
781,12-May-2004
775,13-May-2004
794,14-May-2004
786,17-May-2004
790,18-May-2004
790,19-May-2004
835,20-May-2004
810,21-May-2004
802,24-May-2004
812,25-May-2004
810,26-May-2004
822,27-May-2004
844,28-May-2004
809,01-Jun-2004
775,02-Jun-2004
774,03-Jun-2004
770,04-Jun-2004
769,07-Jun-2004
782,08-Jun-2004
785,09-Jun-2004
776,10-Jun-2004
773,11-Jun-2004
773,14-Jun-2004
776,15-Jun-2004
781,16-Jun-2004
773,17-Jun-2004
764,18-Jun-2004
768,21-Jun-2004
764,22-Jun-2004
766,23-Jun-2004
764,24-Jun-2004
773,25-Jun-2004
781,28-Jun-2004
789,29-Jun-2004
761,30-Jun-2004
758,01-Jul-2004
746,02-Jul-2004
747,05-Jul-2004
758,06-Jul-2004
788,07-Jul-2004
782,08-Jul-2004
785,09-Jul-2004
790,12-Jul-2004
792,13-Jul-2004
817,14-Jul-2004
819,15-Jul-2004
863,16-Jul-2004
879,19-Jul-2004
871,20-Jul-2004
914,21-Jul-2004
920,22-Jul-2004
919,23-Jul-2004
907,26-Jul-2004
913,27-Jul-2004
947,28-Jul-2004
954,29-Jul-2004
937,30-Jul-2004
964,02-Aug-2004
985,03-Aug-2004
985,04-Aug-2004
970,05-Aug-2004
911,06-Aug-2004
916,09-Aug-2004
938,10-Aug-2004
907,11-Aug-2004
924,12-Aug-2004
916,13-Aug-2004
890,16-Aug-2004
903,17-Aug-2004
917,18-Aug-2004
962,19-Aug-2004
970,20-Aug-2004
979,23-Aug-2004
968,24-Aug-2004
946,25-Aug-2004
971,26-Aug-2004
975,27-Aug-2004
959,31-Aug-2004
911,01-Sep-2004
904,02-Sep-2004
901,03-Sep-2004
896,06-Sep-2004
850,07-Sep-2004
849,08-Sep-2004
844,09-Sep-2004
831,10-Sep-2004
830,13-Sep-2004
835,14-Sep-2004
842,15-Sep-2004
851,16-Sep-2004
854,17-Sep-2004
865,20-Sep-2004
865,21-Sep-2004
882,22-Sep-2004
876,23-Sep-2004
832,24-Sep-2004
831,27-Sep-2004
827,28-Sep-2004
834,29-Sep-2004
835,30-Sep-2004
835,01-Oct-2004
828,04-Oct-2004
823,05-Oct-2004
816,06-Oct-2004
810,07-Oct-2004
824,08-Oct-2004
849,11-Oct-2004
839,12-Oct-2004
828,13-Oct-2004
840,14-Oct-2004
832,15-Oct-2004
838,18-Oct-2004
830,19-Oct-2004
814,20-Oct-2004
814,21-Oct-2004
820,22-Oct-2004
818,25-Oct-2004
823,26-Oct-2004
835,27-Oct-2004
844,28-Oct-2004
833,29-Oct-2004
832,01-Nov-2004
830,02-Nov-2004
834,03-Nov-2004
889,04-Nov-2004
913,05-Nov-2004
993,08-Nov-2004
988,09-Nov-2004
939,10-Nov-2004
956,11-Nov-2004
935,12-Nov-2004
957,15-Nov-2004
928,16-Nov-2004
877,17-Nov-2004
889,18-Nov-2004
872,19-Nov-2004
857,22-Nov-2004
870,23-Nov-2004
873,24-Nov-2004
873,25-Nov-2004
864,26-Nov-2004
869,29-Nov-2004
880,30-Nov-2004
873,01-Dec-2004
877,02-Dec-2004
898,03-Dec-2004
892,06-Dec-2004
880,07-Dec-2004
867,08-Dec-2004
866,09-Dec-2004
860,10-Dec-2004
853,13-Dec-2004
848,14-Dec-2004
883,15-Dec-2004
881,16-Dec-2004
858,17-Dec-2004
846,20-Dec-2004
845,21-Dec-2004
857,22-Dec-2004
839,23-Dec-2004
850,24-Dec-2004
850,27-Dec-2004
850,28-Dec-2004
838,29-Dec-2004
841,30-Dec-2004
844,31-Dec-2004
844,03-Jan-2005
849,04-Jan-2005
847,05-Jan-2005
846,06-Jan-2005
828,07-Jan-2005
818,10-Jan-2005
818,11-Jan-2005
817,12-Jan-2005
831,13-Jan-2005
827,14-Jan-2005
828,17-Jan-2005
826,18-Jan-2005
826,19-Jan-2005
829,20-Jan-2005
823,21-Jan-2005
839,24-Jan-2005
843,25-Jan-2005
855,26-Jan-2005
864,27-Jan-2005
853,28-Jan-2005
834,31-Jan-2005
855,01-Feb-2005
872,02-Feb-2005
865,03-Feb-2005
853,04-Feb-2005
883,07-Feb-2005
881,08-Feb-2005
843,09-Feb-2005
853,10-Feb-2005
858,11-Feb-2005
850,14-Feb-2005
862,15-Feb-2005
859,16-Feb-2005
866,17-Feb-2005
866,18-Feb-2005
856,21-Feb-2005
853,22-Feb-2005
865,23-Feb-2005
882,24-Feb-2005
874,25-Feb-2005
906,28-Feb-2005
916,01-Mar-2005
904,02-Mar-2005
910,03-Mar-2005
920,04-Mar-2005
932,07-Mar-2005
926,08-Mar-2005
915,09-Mar-2005
925,10-Mar-2005
951,11-Mar-2005
942,14-Mar-2005
954,15-Mar-2005
969,16-Mar-2005
971,17-Mar-2005
986,18-Mar-2005
936,21-Mar-2005
936,22-Mar-2005
877,23-Mar-2005
873,24-Mar-2005
865,29-Mar-2005
857,30-Mar-2005
877,31-Mar-2005
870,01-Apr-2005
877,04-Apr-2005
850,05-Apr-2005
851,06-Apr-2005
848,07-Apr-2005
853,08-Apr-2005
834,11-Apr-2005
850,12-Apr-2005
842,13-Apr-2005
828,14-Apr-2005
821,15-Apr-2005
815,18-Apr-2005
818,19-Apr-2005
819,20-Apr-2005
812,21-Apr-2005
794,22-Apr-2005
790,25-Apr-2005
790,26-Apr-2005
802,27-Apr-2005
795,28-Apr-2005
791,29-Apr-2005
791,02-May-2005
795,03-May-2005
795,04-May-2005
784,05-May-2005
791,06-May-2005
795,09-May-2005
800,10-May-2005
799,11-May-2005
795,12-May-2005
790,13-May-2005
822,16-May-2005
816,17-May-2005
824,18-May-2005
818,19-May-2005
818,20-May-2005
832,23-May-2005
818,24-May-2005
818,25-May-2005
813,26-May-2005
810,27-May-2005
820,31-May-2005
806,01-Jun-2005
819,02-Jun-2005
824,03-Jun-2005
819,06-Jun-2005
822,07-Jun-2005
814,08-Jun-2005
818,09-Jun-2005
815,10-Jun-2005
816,13-Jun-2005
856,14-Jun-2005
882,15-Jun-2005
878,16-Jun-2005
874,17-Jun-2005
868,20-Jun-2005
872,21-Jun-2005
888,22-Jun-2005
894,23-Jun-2005
866,24-Jun-2005
872,27-Jun-2005
854,28-Jun-2005
855,29-Jun-2005
846,30-Jun-2005
847,01-Jul-2005
848,04-Jul-2005
843,05-Jul-2005
830,06-Jul-2005
827,07-Jul-2005
834,08-Jul-2005
826,11-Jul-2005
830,12-Jul-2005
830,13-Jul-2005
825,14-Jul-2005
852,15-Jul-2005
868,18-Jul-2005
865,19-Jul-2005
856,20-Jul-2005
846,21-Jul-2005
846,22-Jul-2005
851,25-Jul-2005
862,26-Jul-2005
877,27-Jul-2005
870,28-Jul-2005
884,29-Jul-2005
881,01-Aug-2005
886,02-Aug-2005
876,03-Aug-2005
870,04-Aug-2005
859,05-Aug-2005
838,08-Aug-2005
827,09-Aug-2005
821,10-Aug-2005
792,11-Aug-2005
782,12-Aug-2005
785,15-Aug-2005
789,16-Aug-2005
782,17-Aug-2005
807,18-Aug-2005
807,19-Aug-2005
806,22-Aug-2005
812,23-Aug-2005
817,24-Aug-2005
812,25-Aug-2005
821,26-Aug-2005
820,30-Aug-2005
818,31-Aug-2005
850,01-Sep-2005
874,02-Sep-2005
860,05-Sep-2005
875,06-Sep-2005
901,07-Sep-2005
913,08-Sep-2005
899,09-Sep-2005
885,12-Sep-2005
874,13-Sep-2005
835,14-Sep-2005
800,15-Sep-2005
811,16-Sep-2005
802,19-Sep-2005
805,20-Sep-2005
789,21-Sep-2005
793,22-Sep-2005
804,23-Sep-2005
798,26-Sep-2005
807,27-Sep-2005
823,28-Sep-2005
866,29-Sep-2005
848,30-Sep-2005
840,03-Oct-2005
830,04-Oct-2005
831,05-Oct-2005
831,06-Oct-2005
820,07-Oct-2005
818,10-Oct-2005
818,11-Oct-2005
809,12-Oct-2005
826,13-Oct-2005
844,14-Oct-2005
821,17-Oct-2005
834,18-Oct-2005
837,19-Oct-2005
818,20-Oct-2005
821,21-Oct-2005
843,24-Oct-2005
834,25-Oct-2005
843,26-Oct-2005
837,27-Oct-2005
825,28-Oct-2005
808,31-Oct-2005
819,01-Nov-2005
814,02-Nov-2005
815,03-Nov-2005
810,04-Nov-2005
798,07-Nov-2005
803,08-Nov-2005
806,09-Nov-2005
809,10-Nov-2005
792,11-Nov-2005
793,14-Nov-2005
794,15-Nov-2005
808,16-Nov-2005
807,17-Nov-2005
842,18-Nov-2005
844,21-Nov-2005
858,22-Nov-2005
841,23-Nov-2005
840,24-Nov-2005
845,25-Nov-2005
845,28-Nov-2005
839,29-Nov-2005
835,30-Nov-2005
863,01-Dec-2005
861,02-Dec-2005
835,05-Dec-2005
831,06-Dec-2005
842,07-Dec-2005
838,08-Dec-2005
829,09-Dec-2005
837,12-Dec-2005
843,13-Dec-2005
861,14-Dec-2005
868,15-Dec-2005
861,16-Dec-2005
852,19-Dec-2005
865,20-Dec-2005
875,21-Dec-2005
893,22-Dec-2005
890,23-Dec-2005
890,27-Dec-2005
895,28-Dec-2005
911,29-Dec-2005
911,30-Dec-2005
927,03-Jan-2006
913,04-Jan-2006
903,05-Jan-2006
917,06-Jan-2006
894,09-Jan-2006
899,10-Jan-2006
904,11-Jan-2006
909,12-Jan-2006
900,13-Jan-2006
923,16-Jan-2006
931,17-Jan-2006
944,18-Jan-2006
920,19-Jan-2006
912,20-Jan-2006
896,23-Jan-2006
854,24-Jan-2006
865,25-Jan-2006
875,26-Jan-2006
864,27-Jan-2006
875,30-Jan-2006
877,31-Jan-2006
869,01-Feb-2006
859,02-Feb-2006
882,03-Feb-2006
889,06-Feb-2006
918,07-Feb-2006
914,08-Feb-2006
917,09-Feb-2006
915,10-Feb-2006
891,13-Feb-2006
893,14-Feb-2006
887,15-Feb-2006
885,16-Feb-2006
885,17-Feb-2006
875,20-Feb-2006
856,21-Feb-2006
873,22-Feb-2006
859,23-Feb-2006
863,24-Feb-2006
852,27-Feb-2006
862,28-Feb-2006
852,01-Mar-2006
848,02-Mar-2006
859,03-Mar-2006
858,06-Mar-2006
865,07-Mar-2006
893,08-Mar-2006
886,09-Mar-2006
880,10-Mar-2006
859,13-Mar-2006
855,14-Mar-2006
884,15-Mar-2006
898,16-Mar-2006
913,17-Mar-2006
905,20-Mar-2006
914,21-Mar-2006
915,22-Mar-2006
907,23-Mar-2006
906,24-Mar-2006
908,27-Mar-2006
892,28-Mar-2006
908,29-Mar-2006
919,30-Mar-2006
914,31-Mar-2006
925,03-Apr-2006
906,04-Apr-2006
917,05-Apr-2006
910,06-Apr-2006
914,07-Apr-2006
884,10-Apr-2006
899,11-Apr-2006
888,12-Apr-2006
878,13-Apr-2006
870,18-Apr-2006
875,19-Apr-2006
887,20-Apr-2006
872,21-Apr-2006
890,24-Apr-2006
908,25-Apr-2006
905,26-Apr-2006
882,27-Apr-2006
887,28-Apr-2006
873,02-May-2006
874,03-May-2006
867,04-May-2006
872,05-May-2006
870,08-May-2006
867,09-May-2006
857,10-May-2006
854,11-May-2006
851,12-May-2006
847,15-May-2006
867,16-May-2006
861,17-May-2006
863,18-May-2006
865,19-May-2006
854,22-May-2006
846,23-May-2006
846,24-May-2006
840,25-May-2006
845,26-May-2006
835,30-May-2006
846,31-May-2006
851,01-Jun-2006
841,02-Jun-2006
849,05-Jun-2006
853,06-Jun-2006
866,07-Jun-2006
862,08-Jun-2006
875,09-Jun-2006
881,12-Jun-2006
884,13-Jun-2006
902,14-Jun-2006
923,15-Jun-2006
930,16-Jun-2006
945,19-Jun-2006
949,20-Jun-2006
961,21-Jun-2006
970,22-Jun-2006
968,23-Jun-2006
978,26-Jun-2006
959,27-Jun-2006
969,28-Jun-2006
986,29-Jun-2006
"1,001",30-Jun-2006
"1,029",03-Jul-2006
"1,027",04-Jul-2006
"1,041",05-Jul-2006
"1,035",06-Jul-2006
"1,041",07-Jul-2006
"1,065",10-Jul-2006
"1,079",11-Jul-2006
"1,094",12-Jul-2006
"1,097",13-Jul-2006
"1,076",14-Jul-2006
907,17-Jul-2006
864,18-Jul-2006
868,19-Jul-2006
874,20-Jul-2006
862,21-Jul-2006
859,24-Jul-2006
862,25-Jul-2006
856,26-Jul-2006
856,27-Jul-2006
855,28-Jul-2006
850,31-Jul-2006
844,01-Aug-2006
842,02-Aug-2006
852,03-Aug-2006
841,04-Aug-2006
845,07-Aug-2006
852,08-Aug-2006
863,09-Aug-2006
875,10-Aug-2006
866,11-Aug-2006
850,14-Aug-2006
849,15-Aug-2006
852,16-Aug-2006
850,17-Aug-2006
848,18-Aug-2006
835,21-Aug-2006
826,22-Aug-2006
829,23-Aug-2006
828,24-Aug-2006
822,25-Aug-2006
799,29-Aug-2006
797,30-Aug-2006
806,31-Aug-2006
817,01-Sep-2006
808,04-Sep-2006
814,05-Sep-2006
806,06-Sep-2006
813,07-Sep-2006
814,08-Sep-2006
812,11-Sep-2006
814,12-Sep-2006
815,13-Sep-2006
813,14-Sep-2006
837,15-Sep-2006
812,18-Sep-2006
817,19-Sep-2006
833,20-Sep-2006
858,21-Sep-2006
840,22-Sep-2006
834,25-Sep-2006
837,26-Sep-2006
847,27-Sep-2006
837,28-Sep-2006
849,29-Sep-2006
830,02-Oct-2006
824,03-Oct-2006
825,04-Oct-2006
843,05-Oct-2006
831,06-Oct-2006
823,09-Oct-2006
825,10-Oct-2006
822,11-Oct-2006
814,12-Oct-2006
817,13-Oct-2006
812,16-Oct-2006
830,17-Oct-2006
816,18-Oct-2006
825,19-Oct-2006
816,20-Oct-2006
836,23-Oct-2006
825,24-Oct-2006
826,25-Oct-2006
840,26-Oct-2006
829,27-Oct-2006
830,30-Oct-2006
828,31-Oct-2006
820,01-Nov-2006
832,02-Nov-2006
830,03-Nov-2006
839,06-Nov-2006
847,07-Nov-2006
853,08-Nov-2006
857,09-Nov-2006
844,10-Nov-2006
843,13-Nov-2006
836,14-Nov-2006
845,15-Nov-2006
820,16-Nov-2006
823,17-Nov-2006
811,20-Nov-2006
809,21-Nov-2006
814,22-Nov-2006
817,23-Nov-2006
810,24-Nov-2006
801,27-Nov-2006
812,28-Nov-2006
809,29-Nov-2006
824,30-Nov-2006
816,01-Dec-2006
812,04-Dec-2006
823,05-Dec-2006
815,06-Dec-2006
832,07-Dec-2006
843,08-Dec-2006
853,11-Dec-2006
874,12-Dec-2006
904,13-Dec-2006
913,14-Dec-2006
906,15-Dec-2006
909,18-Dec-2006
917,19-Dec-2006
889,20-Dec-2006
896,21-Dec-2006
883,22-Dec-2006
889,27-Dec-2006
884,28-Dec-2006
888,29-Dec-2006
890,02-Jan-2007
917,03-Jan-2007
907,04-Jan-2007
894,05-Jan-2007
877,08-Jan-2007
880,09-Jan-2007
904,10-Jan-2007
902,11-Jan-2007
892,12-Jan-2007
885,15-Jan-2007
875,16-Jan-2007
887,17-Jan-2007
877,18-Jan-2007
872,19-Jan-2007
872,22-Jan-2007
877,23-Jan-2007
875,24-Jan-2007
880,25-Jan-2007
868,26-Jan-2007
879,29-Jan-2007
889,30-Jan-2007
890,31-Jan-2007
893,01-Feb-2007
892,02-Feb-2007
896,05-Feb-2007
898,06-Feb-2007
926,07-Feb-2007
942,08-Feb-2007
940,09-Feb-2007
943,12-Feb-2007
943,13-Feb-2007
935,14-Feb-2007
953,15-Feb-2007
962,16-Feb-2007
967,19-Feb-2007
951,20-Feb-2007
960,21-Feb-2007
952,22-Feb-2007
954,23-Feb-2007
949,26-Feb-2007
938,27-Feb-2007
946,28-Feb-2007
971,01-Mar-2007
974,02-Mar-2007
975,05-Mar-2007
944,06-Mar-2007
966,07-Mar-2007
989,08-Mar-2007
"1,014",09-Mar-2007
"1,030",12-Mar-2007
"1,030",13-Mar-2007
990,14-Mar-2007
978,15-Mar-2007
985,16-Mar-2007
994,19-Mar-2007
"1,020",20-Mar-2007
"1,033",21-Mar-2007
"1,041",22-Mar-2007
"1,039",23-Mar-2007
"1,038",26-Mar-2007
"1,032",27-Mar-2007
"1,047",28-Mar-2007
"1,054",29-Mar-2007
"1,059",30-Mar-2007
"1,001",02-Apr-2007
"1,020",03-Apr-2007
"1,034",04-Apr-2007
"1,038",05-Apr-2007
"1,020",10-Apr-2007
"1,029",11-Apr-2007
"1,021",12-Apr-2007
"1,025",13-Apr-2007
"1,025",16-Apr-2007
"1,040",17-Apr-2007
"1,025",18-Apr-2007
981,19-Apr-2007
"1,005",20-Apr-2007
986,23-Apr-2007
973,24-Apr-2007
977,25-Apr-2007
968,26-Apr-2007
962,27-Apr-2007
947,30-Apr-2007
964,01-May-2007
983,02-May-2007
990,03-May-2007
"1,006",04-May-2007
"1,008",08-May-2007
"1,022",09-May-2007
"1,034",10-May-2007
"1,039",11-May-2007
"1,033",14-May-2007
"1,027",15-May-2007
"1,058",16-May-2007
"1,058",17-May-2007
"1,090",18-May-2007
"1,089",21-May-2007
"1,073",22-May-2007
"1,086",23-May-2007
"1,066",24-May-2007
"1,057",25-May-2007
"1,035",29-May-2007
"1,022",30-May-2007
"1,033",31-May-2007
"1,028",01-Jun-2007
"1,007",04-Jun-2007
"1,020",05-Jun-2007
"1,025",06-Jun-2007
"1,013",07-Jun-2007
"1,006",08-Jun-2007
"1,015",11-Jun-2007
"1,007",12-Jun-2007
"1,008",13-Jun-2007
"1,047",14-Jun-2007
"1,047",15-Jun-2007
"1,058",18-Jun-2007
"1,045",19-Jun-2007
"1,024",20-Jun-2007
"1,030",21-Jun-2007
"1,043",22-Jun-2007
"1,044",25-Jun-2007
"1,080",26-Jun-2007
"1,079",27-Jun-2007
"1,063",28-Jun-2007
"1,091",29-Jun-2007
"1,062",02-Jul-2007
"1,067",03-Jul-2007
"1,085",04-Jul-2007
"1,100",05-Jul-2007
"1,107",06-Jul-2007
"1,091",09-Jul-2007
"1,051",10-Jul-2007
"1,071",11-Jul-2007
"1,077",12-Jul-2007
"1,076",13-Jul-2007
"1,054",16-Jul-2007
"1,105",17-Jul-2007
"1,102",18-Jul-2007
"1,112",19-Jul-2007
"1,101",20-Jul-2007
"1,083",23-Jul-2007
"1,093",24-Jul-2007
"1,071",25-Jul-2007
"1,042",26-Jul-2007
"1,022",27-Jul-2007
"1,013",30-Jul-2007
"1,018",31-Jul-2007
997,01-Aug-2007
991,02-Aug-2007
976,03-Aug-2007
968,06-Aug-2007
955,07-Aug-2007
972,08-Aug-2007
944,09-Aug-2007
948,10-Aug-2007
966,13-Aug-2007
961,14-Aug-2007
961,15-Aug-2007
933,16-Aug-2007
927,17-Aug-2007
917,20-Aug-2007
916,21-Aug-2007
908,22-Aug-2007
923,23-Aug-2007
921,24-Aug-2007
915,28-Aug-2007
931,29-Aug-2007
931,30-Aug-2007
947,31-Aug-2007
940,03-Sep-2007
936,04-Sep-2007
940,05-Sep-2007
956,06-Sep-2007
948,07-Sep-2007
942,10-Sep-2007
932,11-Sep-2007
915,12-Sep-2007
907,13-Sep-2007
967,14-Sep-2007
979,17-Sep-2007
978,18-Sep-2007
981,19-Sep-2007
999,20-Sep-2007
996,21-Sep-2007
993,24-Sep-2007
"1,006",25-Sep-2007
"1,005",26-Sep-2007
997,27-Sep-2007
"1,000",28-Sep-2007
995,01-Oct-2007
962,02-Oct-2007
951,03-Oct-2007
959,04-Oct-2007
949,05-Oct-2007
933,08-Oct-2007
936,09-Oct-2007
930,10-Oct-2007
940,11-Oct-2007
932,12-Oct-2007
940,15-Oct-2007
944,16-Oct-2007
945,17-Oct-2007
949,18-Oct-2007
951,19-Oct-2007
939,22-Oct-2007
938,23-Oct-2007
929,24-Oct-2007
922,25-Oct-2007
941,26-Oct-2007
954,29-Oct-2007
961,30-Oct-2007
962,31-Oct-2007
961,01-Nov-2007
955,02-Nov-2007
934,05-Nov-2007
936,06-Nov-2007
926,07-Nov-2007
925,08-Nov-2007
922,09-Nov-2007
918,12-Nov-2007
916,13-Nov-2007
919,14-Nov-2007
922,15-Nov-2007
924,16-Nov-2007
921,19-Nov-2007
936,20-Nov-2007
930,21-Nov-2007
924,22-Nov-2007
920,23-Nov-2007
917,26-Nov-2007
922,27-Nov-2007
925,28-Nov-2007
936,29-Nov-2007
951,30-Nov-2007
971,03-Dec-2007
988,04-Dec-2007
"1,005",05-Dec-2007
"1,008",06-Dec-2007
"1,004",07-Dec-2007
"1,022",10-Dec-2007
"1,028",11-Dec-2007
"1,026",12-Dec-2007
"1,063",13-Dec-2007
"1,056",14-Dec-2007
"1,064",17-Dec-2007
"1,079",18-Dec-2007
"1,087",19-Dec-2007
"1,075",20-Dec-2007
"1,070",21-Dec-2007
"1,051",24-Dec-2007
"1,058",27-Dec-2007
"1,049",28-Dec-2007
"1,043",31-Dec-2007
"1,068",02-Jan-2008
"1,086",03-Jan-2008
"1,076",04-Jan-2008
"1,102",07-Jan-2008
"1,111",08-Jan-2008
"1,114",09-Jan-2008
"1,125",10-Jan-2008
"1,135",11-Jan-2008
"1,146",14-Jan-2008
"1,132",15-Jan-2008
"1,125",16-Jan-2008
"1,125",17-Jan-2008
"1,128",18-Jan-2008
"1,116",21-Jan-2008
"1,117",22-Jan-2008
"1,132",23-Jan-2008
"1,145",24-Jan-2008
"1,149",25-Jan-2008
"1,147",28-Jan-2008
"1,153",29-Jan-2008
"1,175",30-Jan-2008
"1,197",31-Jan-2008
"1,205",01-Feb-2008
"1,209",04-Feb-2008
"1,210",05-Feb-2008
"1,221",06-Feb-2008
"1,228",07-Feb-2008
"1,240",08-Feb-2008
"1,247",11-Feb-2008
"1,258",12-Feb-2008
"1,270",13-Feb-2008
"1,278",14-Feb-2008
"1,287",15-Feb-2008
"1,271",18-Feb-2008
"1,269",19-Feb-2008
"1,253",20-Feb-2008
"1,260",21-Feb-2008
"1,294",22-Feb-2008
"1,303",25-Feb-2008
"1,316",26-Feb-2008
"1,343",27-Feb-2008
"1,387",28-Feb-2008
"1,391",29-Feb-2008
"1,396",03-Mar-2008
"1,385",04-Mar-2008
"1,394",05-Mar-2008
"1,355",06-Mar-2008
"1,356",07-Mar-2008
"1,355",10-Mar-2008
"1,377",11-Mar-2008
"1,383",12-Mar-2008
"1,475",13-Mar-2008
"1,487",14-Mar-2008
"1,412",17-Mar-2008
"1,415",18-Mar-2008
"1,334",19-Mar-2008
"1,268",20-Mar-2008
"1,275",25-Mar-2008
"1,284",26-Mar-2008
"1,318",27-Mar-2008
"1,281",28-Mar-2008
"1,284",31-Mar-2008
"1,300",01-Apr-2008
"1,280",02-Apr-2008
"1,285",03-Apr-2008
"1,280",04-Apr-2008
"1,307",07-Apr-2008
"1,316",08-Apr-2008
"1,359",09-Apr-2008
"1,380",10-Apr-2008
"1,414",11-Apr-2008
"1,396",14-Apr-2008
"1,409",15-Apr-2008
"1,430",16-Apr-2008
"1,452",17-Apr-2008
"1,429",18-Apr-2008
"1,449",21-Apr-2008
"1,462",22-Apr-2008
"1,472",23-Apr-2008
"1,487",24-Apr-2008
"1,477",25-Apr-2008
"1,492",28-Apr-2008
"1,493",29-Apr-2008
"1,477",30-Apr-2008
"1,396",01-May-2008
"1,407",02-May-2008
"1,456",06-May-2008
"1,446",07-May-2008
"1,457",08-May-2008
"1,478",09-May-2008
"1,491",12-May-2008
"1,417",13-May-2008
"1,410",14-May-2008
"1,441",15-May-2008
"1,467",16-May-2008
"1,440",19-May-2008
"1,415",20-May-2008
"1,406",21-May-2008
"1,389",22-May-2008
"1,379",23-May-2008
"1,397",27-May-2008
"1,403",28-May-2008
"1,468",29-May-2008
"1,472",30-May-2008
"1,510",02-Jun-2008
"1,534",03-Jun-2008
"1,534",04-Jun-2008
"1,516",05-Jun-2008
"1,560",06-Jun-2008
"1,548",09-Jun-2008
"1,547",10-Jun-2008
"1,571",11-Jun-2008
"1,604",12-Jun-2008
"1,609",13-Jun-2008
"1,630",16-Jun-2008
"1,636",17-Jun-2008
"1,665",18-Jun-2008
"1,663",19-Jun-2008
"1,688",20-Jun-2008
"1,705",23-Jun-2008
"1,709",24-Jun-2008
"1,726",25-Jun-2008
"1,744",26-Jun-2008
"1,743",27-Jun-2008
"1,758",30-Jun-2008
"1,795",01-Jul-2008
"1,772",02-Jul-2008
"1,712",03-Jul-2008
"1,662",04-Jul-2008
"1,597",07-Jul-2008
"1,619",08-Jul-2008
"1,618",09-Jul-2008
"1,618",10-Jul-2008
"1,609",11-Jul-2008
"1,597",14-Jul-2008
"1,566",15-Jul-2008
"1,553",16-Jul-2008
"1,512",17-Jul-2008
"1,443",18-Jul-2008
"1,463",21-Jul-2008
"1,452",22-Jul-2008
"1,445",23-Jul-2008
"1,461",24-Jul-2008
"1,502",25-Jul-2008
"1,486",28-Jul-2008
"1,502",29-Jul-2008
"1,499",30-Jul-2008
"1,518",31-Jul-2008
"1,602",01-Aug-2008
"1,501",04-Aug-2008
"1,470",05-Aug-2008
"1,484",06-Aug-2008
"1,495",07-Aug-2008
"1,463",08-Aug-2008
"1,461",11-Aug-2008
"1,473",12-Aug-2008
"1,498",13-Aug-2008
"1,479",14-Aug-2008
"1,440",15-Aug-2008
"1,441",18-Aug-2008
"1,482",19-Aug-2008
"1,482",20-Aug-2008
"1,564",21-Aug-2008
"1,557",22-Aug-2008
"1,612",26-Aug-2008
"1,647",27-Aug-2008
"1,593",28-Aug-2008
"1,637",29-Aug-2008
"1,602",01-Sep-2008
"1,546",02-Sep-2008
"1,556",03-Sep-2008
"1,545",04-Sep-2008
"1,543",05-Sep-2008
"1,512",08-Sep-2008
"1,510",09-Sep-2008
"1,524",10-Sep-2008
"1,485",11-Sep-2008
"1,460",12-Sep-2008
"1,436",15-Sep-2008
"1,496",16-Sep-2008
"1,470",17-Sep-2008
"1,512",18-Sep-2008
"1,512",19-Sep-2008
"1,513",22-Sep-2008
"1,502",23-Sep-2008
"1,529",24-Sep-2008
"1,530",25-Sep-2008
"1,531",26-Sep-2008
"1,468",29-Sep-2008
"1,480",30-Sep-2008
"1,460",01-Oct-2008
"1,440",02-Oct-2008
"1,436",03-Oct-2008
"1,421",06-Oct-2008
"1,420",07-Oct-2008
"1,396",08-Oct-2008
"1,395",09-Oct-2008
"1,362",10-Oct-2008
"1,367",13-Oct-2008
"1,370",14-Oct-2008
"1,309",15-Oct-2008
"1,272",16-Oct-2008
"1,270",17-Oct-2008
"1,268",20-Oct-2008
"1,264",21-Oct-2008
"1,285",22-Oct-2008
"1,281",23-Oct-2008
"1,298",24-Oct-2008
"1,302",27-Oct-2008
"1,299",28-Oct-2008
"1,345",29-Oct-2008
"1,326",30-Oct-2008
"1,322",31-Oct-2008
"1,290",03-Nov-2008
"1,297",04-Nov-2008
"1,265",05-Nov-2008
"1,260",06-Nov-2008
"1,264",07-Nov-2008
"1,290",10-Nov-2008
"1,300",11-Nov-2008
"1,316",12-Nov-2008
"1,340",13-Nov-2008
"1,365",14-Nov-2008
"1,440",17-Nov-2008
"1,468",18-Nov-2008
"1,487",19-Nov-2008
"1,470",20-Nov-2008
"1,510",21-Nov-2008
"1,526",24-Nov-2008
"1,540",25-Nov-2008
"1,590",26-Nov-2008
"1,625",27-Nov-2008
"1,612",28-Nov-2008
"1,584",01-Dec-2008
"1,605",02-Dec-2008
"1,660",03-Dec-2008
"1,754",04-Dec-2008
"1,635",05-Dec-2008
"1,732",08-Dec-2008
"1,756",09-Dec-2008
"1,825",10-Dec-2008
"1,806",11-Dec-2008
"1,670",12-Dec-2008
"1,696",15-Dec-2008
"1,707",16-Dec-2008
"1,720",17-Dec-2008
"1,790",18-Dec-2008
"1,774",19-Dec-2008
"1,765",22-Dec-2008
"1,832",23-Dec-2008
"1,783",24-Dec-2008
"1,770",29-Dec-2008
"1,774",30-Dec-2008
"1,781",31-Dec-2008
"1,792",02-Jan-2009
"1,802",05-Jan-2009
"1,787",06-Jan-2009
"1,785",07-Jan-2009
"1,836",08-Jan-2009
"1,808",09-Jan-2009
"1,775",12-Jan-2009
"1,798",13-Jan-2009
"1,751",14-Jan-2009
"1,736",15-Jan-2009
"1,766",16-Jan-2009
"1,780",19-Jan-2009
"1,866",20-Jan-2009
"1,980",21-Jan-2009
"1,969",22-Jan-2009
"2,025",23-Jan-2009
"1,982",26-Jan-2009
"2,008",27-Jan-2009
"2,022",28-Jan-2009
"2,023",29-Jan-2009
"1,995",30-Jan-2009
"1,972",02-Feb-2009
"1,968",03-Feb-2009
"1,961",04-Feb-2009
"1,966",05-Feb-2009
"2,000",06-Feb-2009
"1,963",09-Feb-2009
"1,920",10-Feb-2009
"1,932",11-Feb-2009
"1,926",12-Feb-2009
"1,928",13-Feb-2009
"1,947",16-Feb-2009
"1,936",17-Feb-2009
"1,900",18-Feb-2009
"1,873",19-Feb-2009
"1,786",20-Feb-2009
"1,716",23-Feb-2009
"1,741",24-Feb-2009
"1,825",25-Feb-2009
"1,830",26-Feb-2009
"1,844",27-Feb-2009
"1,765",02-Mar-2009
"1,806",03-Mar-2009
"1,846",04-Mar-2009
"1,823",05-Mar-2009
"1,819",06-Mar-2009
"1,833",09-Mar-2009
"1,797",10-Mar-2009
"1,866",11-Mar-2009
"1,892",12-Mar-2009
"1,826",13-Mar-2009
"1,835",16-Mar-2009
"1,856",17-Mar-2009
"1,901",18-Mar-2009
"1,921",19-Mar-2009
"1,921",20-Mar-2009
"1,922",23-Mar-2009
"1,921",24-Mar-2009
"1,920",25-Mar-2009
"1,902",26-Mar-2009
"1,941",27-Mar-2009
"1,950",30-Mar-2009
"1,940",31-Mar-2009
"1,934",01-Apr-2009
"1,947",02-Apr-2009
"1,970",03-Apr-2009
"1,805",06-Apr-2009
"1,882",07-Apr-2009
"1,825",08-Apr-2009
"1,842",09-Apr-2009
"1,797",14-Apr-2009
"1,762",15-Apr-2009
"1,716",16-Apr-2009
"1,760",17-Apr-2009
"1,760",20-Apr-2009
"1,792",21-Apr-2009
"1,792",22-Apr-2009
"1,840",23-Apr-2009
"1,831",24-Apr-2009
"1,798",27-Apr-2009
"1,807",28-Apr-2009
"1,790",29-Apr-2009
"1,774",30-Apr-2009
"1,730",01-May-2009
"1,750",05-May-2009
"1,754",06-May-2009
"1,815",07-May-2009
"1,831",08-May-2009
"1,769",11-May-2009
"1,687",12-May-2009
"1,655",13-May-2009
"1,590",14-May-2009
"1,608",15-May-2009
"1,581",18-May-2009
"1,578",19-May-2009
"1,591",20-May-2009
"1,597",21-May-2009
"1,611",22-May-2009
"1,608",26-May-2009
"1,638",27-May-2009
"1,703",28-May-2009
"1,693",29-May-2009
"1,685",01-Jun-2009
"1,691",02-Jun-2009
"1,747",03-Jun-2009
"1,751",04-Jun-2009
"1,764",05-Jun-2009
"1,764",08-Jun-2009
"1,780",09-Jun-2009
"1,779",10-Jun-2009
"1,774",11-Jun-2009
"1,750",12-Jun-2009
"1,680",15-Jun-2009
"1,670",16-Jun-2009
"1,617",17-Jun-2009
"1,619",18-Jun-2009
"1,570",19-Jun-2009
"1,556",22-Jun-2009
"1,570",23-Jun-2009
"1,562",24-Jun-2009
"1,622",25-Jun-2009
"1,605",26-Jun-2009
"1,591",29-Jun-2009
"1,581",30-Jun-2009
"1,570",01-Jul-2009
"1,572",02-Jul-2009
"1,567",03-Jul-2009
"1,576",06-Jul-2009
"1,580",07-Jul-2009
"1,634",08-Jul-2009
"1,671",09-Jul-2009
"1,678",10-Jul-2009
"1,694",13-Jul-2009
"1,729",14-Jul-2009
"1,692",15-Jul-2009
"1,665",16-Jul-2009
"1,773",17-Jul-2009
"1,808",20-Jul-2009
"1,824",21-Jul-2009
"1,748",22-Jul-2009
"1,819",23-Jul-2009
"1,841",24-Jul-2009
"1,808",27-Jul-2009
"1,824",28-Jul-2009
"1,778",29-Jul-2009
"1,831",30-Jul-2009
"1,810",31-Jul-2009
"1,811",03-Aug-2009
"1,810",04-Aug-2009
"1,757",05-Aug-2009
"1,745",06-Aug-2009
"1,775",07-Aug-2009
"1,823",10-Aug-2009
"1,790",11-Aug-2009
"1,810",12-Aug-2009
"1,830",13-Aug-2009
"1,785",14-Aug-2009
"1,739",17-Aug-2009
"1,722",18-Aug-2009
"1,811",19-Aug-2009
"1,833",20-Aug-2009
"1,872",21-Aug-2009
"1,866",24-Aug-2009
"1,902",25-Aug-2009
"1,884",26-Aug-2009
"1,820",27-Aug-2009
"1,806",28-Aug-2009
"1,824",01-Sep-2009
"1,890",02-Sep-2009
"1,862",03-Sep-2009
"1,860",04-Sep-2009
"1,831",07-Sep-2009
"1,857",08-Sep-2009
"1,899",09-Sep-2009
"1,917",10-Sep-2009
"1,918",11-Sep-2009
"1,927",14-Sep-2009
"1,948",15-Sep-2009
"1,982",16-Sep-2009
"1,977",17-Sep-2009
"2,018",18-Sep-2009
"2,003",21-Sep-2009
"2,035",22-Sep-2009
"2,027",23-Sep-2009
"2,015",24-Sep-2009
"2,035",25-Sep-2009
"2,049",28-Sep-2009
"2,036",29-Sep-2009
"2,085",30-Sep-2009
"2,053",01-Oct-2009
"1,988",02-Oct-2009
"2,133",05-Oct-2009
"2,120",06-Oct-2009
"2,133",07-Oct-2009
"2,125",08-Oct-2009
"2,127",09-Oct-2009
"2,064",12-Oct-2009
"2,070",13-Oct-2009
"2,095",14-Oct-2009
"2,127",15-Oct-2009
"2,119",16-Oct-2009
"2,126",19-Oct-2009
"2,143",20-Oct-2009
"2,149",21-Oct-2009
"2,159",22-Oct-2009
"2,174",23-Oct-2009
"2,175",26-Oct-2009
"2,172",27-Oct-2009
"2,153",28-Oct-2009
"2,147",29-Oct-2009
"2,127",30-Oct-2009
"2,109",02-Nov-2009
"2,140",03-Nov-2009
"2,150",04-Nov-2009
"2,108",05-Nov-2009
"2,099",06-Nov-2009
"2,064",09-Nov-2009
"2,026",10-Nov-2009
"2,089",11-Nov-2009
"2,043",12-Nov-2009
"2,019",13-Nov-2009
"2,018",16-Nov-2009
"2,013",17-Nov-2009
"2,078",18-Nov-2009
"2,061",19-Nov-2009
"2,145",20-Nov-2009
"2,144",23-Nov-2009
"2,121",24-Nov-2009
"2,148",25-Nov-2009
"2,158",26-Nov-2009
"2,154",27-Nov-2009
"2,140",30-Nov-2009
"2,167",01-Dec-2009
"2,145",02-Dec-2009
"2,189",03-Dec-2009
"2,183",04-Dec-2009
"2,191",07-Dec-2009
"2,190",08-Dec-2009
"2,204",09-Dec-2009
"2,214",10-Dec-2009
"2,211",11-Dec-2009
"2,207",14-Dec-2009
"2,257",15-Dec-2009
"2,309",16-Dec-2009
"2,304",17-Dec-2009
"2,217",18-Dec-2009
"2,213",21-Dec-2009
"2,239",22-Dec-2009
"2,231",23-Dec-2009
"2,242",24-Dec-2009
"2,234",29-Dec-2009
"2,226",30-Dec-2009
"2,250",31-Dec-2009
"2,222",04-Jan-2010
"2,275",05-Jan-2010
"2,261",06-Jan-2010
"2,284",07-Jan-2010
"2,270",08-Jan-2010
"2,277",11-Jan-2010
"2,278",12-Jan-2010
"2,288",13-Jan-2010
"2,297",14-Jan-2010
"2,305",15-Jan-2010
"2,290",18-Jan-2010
"2,318",19-Jan-2010
"2,303",20-Jan-2010
"2,327",21-Jan-2010
"2,340",22-Jan-2010
"2,324",25-Jan-2010
"2,309",26-Jan-2010
"2,246",27-Jan-2010
"2,245",28-Jan-2010
"2,233",29-Jan-2010
"2,225",01-Feb-2010
"2,213",02-Feb-2010
"2,243",03-Feb-2010
"2,250",04-Feb-2010
"2,205",05-Feb-2010
"2,237",08-Feb-2010
"2,238",09-Feb-2010
"2,246",10-Feb-2010
"2,285",11-Feb-2010
"2,286",12-Feb-2010
"2,298",15-Feb-2010
"2,299",16-Feb-2010
"2,257",17-Feb-2010
"2,250",18-Feb-2010
"2,263",19-Feb-2010
"2,260",22-Feb-2010
"2,177",23-Feb-2010
"2,184",24-Feb-2010
"2,174",25-Feb-2010
"2,181",26-Feb-2010
"2,155",01-Mar-2010
"2,133",02-Mar-2010
"2,125",03-Mar-2010
"2,142",04-Mar-2010
"2,156",05-Mar-2010
"2,144",08-Mar-2010
"2,127",09-Mar-2010
"2,178",10-Mar-2010
"2,171",11-Mar-2010
"2,203",12-Mar-2010
"2,175",15-Mar-2010
"2,155",16-Mar-2010
"2,205",17-Mar-2010
"2,213",18-Mar-2010
"2,198",19-Mar-2010
"2,211",22-Mar-2010
"2,218",23-Mar-2010
"2,201",24-Mar-2010
"2,198",25-Mar-2010
"2,216",26-Mar-2010
"2,246",29-Mar-2010
"2,262",30-Mar-2010
"2,255",31-Mar-2010
"2,251",01-Apr-2010
"2,188",06-Apr-2010
"2,148",07-Apr-2010
"2,141",08-Apr-2010
"2,131",09-Apr-2010
"2,152",12-Apr-2010
"2,121",13-Apr-2010
"2,116",14-Apr-2010
"2,125",15-Apr-2010
"2,180",16-Apr-2010
"2,171",19-Apr-2010
"2,212",20-Apr-2010
"2,239",21-Apr-2010
"2,264",22-Apr-2010
"2,305",23-Apr-2010
"2,328",26-Apr-2010
"2,344",27-Apr-2010
"2,348",28-Apr-2010
"2,364",29-Apr-2010
"2,370",30-Apr-2010
"2,359",04-May-2010
"2,368",05-May-2010
"2,404",06-May-2010
"2,329",07-May-2010
"2,331",10-May-2010
"2,252",11-May-2010
"2,265",12-May-2010
"2,259",13-May-2010
"2,218",14-May-2010
"2,230",17-May-2010
"2,261",18-May-2010
"2,269",19-May-2010
"2,279",20-May-2010
"2,315",21-May-2010
"2,339",24-May-2010
"2,398",25-May-2010
"2,432",26-May-2010
"2,434",27-May-2010
"2,420",28-May-2010
"2,444",01-Jun-2010
"2,520",02-Jun-2010
"2,550",03-Jun-2010
"2,559",04-Jun-2010
"2,534",07-Jun-2010
"2,594",08-Jun-2010
"2,560",09-Jun-2010
"2,496",10-Jun-2010
"2,458",11-Jun-2010
"2,485",14-Jun-2010
"2,464",15-Jun-2010
"2,430",16-Jun-2010
"2,418",17-Jun-2010
"2,456",18-Jun-2010
"2,465",21-Jun-2010
"2,516",22-Jun-2010
"2,500",23-Jun-2010
"2,541",24-Jun-2010
"2,554",25-Jun-2010
"2,574",28-Jun-2010
"2,540",29-Jun-2010
"2,503",30-Jun-2010
"2,597",01-Jul-2010
"2,555",02-Jul-2010
"2,557",05-Jul-2010
"2,594",06-Jul-2010
"2,618",07-Jul-2010
"2,601",08-Jul-2010
"2,613",09-Jul-2010
"2,621",12-Jul-2010
"2,601",13-Jul-2010
"2,713",14-Jul-2010
"2,713",15-Jul-2010
"2,445",16-Jul-2010
"2,345",19-Jul-2010
"2,319",20-Jul-2010
"2,286",21-Jul-2010
"2,273",22-Jul-2010
"2,297",23-Jul-2010
"2,279",26-Jul-2010
"2,280",27-Jul-2010
"2,271",28-Jul-2010
"2,286",29-Jul-2010
"2,273",30-Jul-2010
"2,257",02-Aug-2010
"2,259",03-Aug-2010
"2,294",04-Aug-2010
"2,292",05-Aug-2010
"2,193",06-Aug-2010
"2,185",09-Aug-2010
"2,123",10-Aug-2010
"2,106",11-Aug-2010
"2,127",12-Aug-2010
"2,109",13-Aug-2010
"2,104",16-Aug-2010
"2,077",17-Aug-2010
"2,072",18-Aug-2010
"2,066",19-Aug-2010
"2,061",20-Aug-2010
"2,090",23-Aug-2010
"2,093",24-Aug-2010
"2,053",25-Aug-2010
"2,023",26-Aug-2010
"1,981",27-Aug-2010
"1,951",31-Aug-2010
"1,926",01-Sep-2010
"1,943",02-Sep-2010
"1,953",03-Sep-2010
"1,963",06-Sep-2010
"1,925",07-Sep-2010
"1,890",08-Sep-2010
"1,872",09-Sep-2010
"1,839",10-Sep-2010
"1,815",13-Sep-2010
"1,843",14-Sep-2010
"1,816",15-Sep-2010
"1,884",16-Sep-2010
"1,884",17-Sep-2010
"1,865",20-Sep-2010
"1,905",21-Sep-2010
"1,886",22-Sep-2010
"1,879",23-Sep-2010
"1,883",24-Sep-2010
"1,900",27-Sep-2010
"1,893",28-Sep-2010
"1,924",29-Sep-2010
"1,910",30-Sep-2010
"1,868",01-Oct-2010
"1,847",04-Oct-2010
"1,828",05-Oct-2010
"1,848",06-Oct-2010
"1,840",07-Oct-2010
"1,870",08-Oct-2010
"1,905",11-Oct-2010
"1,914",12-Oct-2010
"1,914",13-Oct-2010
"1,902",14-Oct-2010
"1,850",15-Oct-2010
"1,859",18-Oct-2010
"1,853",19-Oct-2010
"1,860",20-Oct-2010
"1,902",21-Oct-2010
"1,925",22-Oct-2010
"1,963",25-Oct-2010
"1,920",26-Oct-2010
"1,917",27-Oct-2010
"1,872",28-Oct-2010
"1,856",29-Oct-2010
"1,842",01-Nov-2010
"1,870",02-Nov-2010
"1,827",03-Nov-2010
"1,818",04-Nov-2010
"1,786",05-Nov-2010
"1,829",08-Nov-2010
"1,873",09-Nov-2010
"1,847",10-Nov-2010
"1,846",11-Nov-2010
"1,800",12-Nov-2010
"1,837",15-Nov-2010
"1,840",16-Nov-2010
"1,870",17-Nov-2010
"1,935",18-Nov-2010
"1,881",19-Nov-2010
"1,878",22-Nov-2010
"1,868",23-Nov-2010
"1,860",24-Nov-2010
"1,847",25-Nov-2010
"1,870",26-Nov-2010
"1,853",29-Nov-2010
"1,892",30-Nov-2010
"1,847",01-Dec-2010
"1,910",02-Dec-2010
"1,954",03-Dec-2010
"2,041",06-Dec-2010
"2,038",07-Dec-2010
"2,008",08-Dec-2010
"1,990",09-Dec-2010
"1,899",10-Dec-2010
"1,900",13-Dec-2010
"1,908",14-Dec-2010
"1,998",15-Dec-2010
"2,006",16-Dec-2010
"1,983",17-Dec-2010
"1,987",20-Dec-2010
"2,008",21-Dec-2010
"2,009",22-Dec-2010
"2,040",23-Dec-2010
"2,036",24-Dec-2010
"2,053",29-Dec-2010
"2,023",30-Dec-2010
"2,017",31-Dec-2010
"1,962",04-Jan-2011
"1,934",05-Jan-2011
"1,924",06-Jan-2011
"1,928",07-Jan-2011
"1,940",10-Jan-2011
"1,970",11-Jan-2011
"1,980",12-Jan-2011
"1,964",13-Jan-2011
"2,006",14-Jan-2011
"2,005",17-Jan-2011
"2,010",18-Jan-2011
"2,055",19-Jan-2011
"2,128",20-Jan-2011
"2,148",21-Jan-2011
"2,190",24-Jan-2011
"2,227",25-Jan-2011
"2,214",26-Jan-2011
"2,200",27-Jan-2011
"2,164",28-Jan-2011
"2,185",31-Jan-2011
"2,160",01-Feb-2011
"2,187",02-Feb-2011
"2,191",03-Feb-2011
"2,139",04-Feb-2011
"2,109",07-Feb-2011
"2,134",08-Feb-2011
"2,147",09-Feb-2011
"2,193",10-Feb-2011
"2,223",11-Feb-2011
"2,239",14-Feb-2011
"2,208",15-Feb-2011
"2,253",16-Feb-2011
"2,244",17-Feb-2011
"2,280",18-Feb-2011
"2,301",21-Feb-2011
"2,362",22-Feb-2011
"2,374",23-Feb-2011
"2,361",24-Feb-2011
"2,378",25-Feb-2011
"2,392",28-Feb-2011
"2,337",01-Mar-2011
"2,354",02-Mar-2011
"2,405",03-Mar-2011
"2,353",04-Mar-2011
"2,350",07-Mar-2011
"2,320",08-Mar-2011
"2,254",09-Mar-2011
"2,239",10-Mar-2011
"2,216",11-Mar-2011
"2,170",14-Mar-2011
"2,119",15-Mar-2011
"2,110",16-Mar-2011
"2,126",17-Mar-2011
"2,003",18-Mar-2011
"2,050",21-Mar-2011
"2,089",22-Mar-2011
"2,089",23-Mar-2011
"2,074",24-Mar-2011
"2,111",25-Mar-2011
"2,124",28-Mar-2011
"1,997",29-Mar-2011
"1,944",30-Mar-2011
"1,915",31-Mar-2011
"1,947",01-Apr-2011
"1,956",04-Apr-2011
"1,912",05-Apr-2011
"1,928",06-Apr-2011
"1,921",07-Apr-2011
"1,898",08-Apr-2011
"1,914",11-Apr-2011
"1,938",12-Apr-2011
"1,948",13-Apr-2011
"1,963",14-Apr-2011
"1,972",15-Apr-2011
"1,927",18-Apr-2011
"1,924",19-Apr-2011
"1,912",20-Apr-2011
"1,874",21-Apr-2011
"1,899",26-Apr-2011
"1,916",27-Apr-2011
"1,975",28-Apr-2011
"1,971",03-May-2011
"1,937",04-May-2011
"1,870",05-May-2011
"1,866",06-May-2011
"1,867",09-May-2011
"1,879",10-May-2011
"1,883",11-May-2011
"1,845",12-May-2011
"1,857",13-May-2011
"1,869",16-May-2011
"1,855",17-May-2011
"1,865",18-May-2011
"1,865",19-May-2011
"1,816",20-May-2011
"1,792",23-May-2011
"1,791",24-May-2011
"1,841",25-May-2011
"1,849",26-May-2011
"1,813",27-May-2011
"1,840",31-May-2011
"1,814",01-Jun-2011
"1,796",02-Jun-2011
"1,779",03-Jun-2011
"1,772",06-Jun-2011
"1,781",07-Jun-2011
"1,807",08-Jun-2011
"1,830",09-Jun-2011
"1,848",10-Jun-2011
"1,838",13-Jun-2011
"1,849",14-Jun-2011
"1,837",15-Jun-2011
"1,800",16-Jun-2011
"1,822",17-Jun-2011
"1,848",20-Jun-2011
"1,867",21-Jun-2011
"1,884",22-Jun-2011
"1,879",23-Jun-2011
"1,869",24-Jun-2011
"1,899",27-Jun-2011
"1,899",28-Jun-2011
"1,935",29-Jun-2011
"1,954",30-Jun-2011
"1,963",01-Jul-2011
"1,980",04-Jul-2011
"2,000",05-Jul-2011
"1,981",06-Jul-2011
"1,984",07-Jul-2011
"1,926",08-Jul-2011
"1,905",11-Jul-2011
"1,909",12-Jul-2011
"1,950",13-Jul-2011
"1,948",14-Jul-2011
"1,992",15-Jul-2011
"2,001",18-Jul-2011
"1,994",19-Jul-2011
"1,990",20-Jul-2011
"1,970",21-Jul-2011
"1,901",22-Jul-2011
"1,870",25-Jul-2011
"1,873",26-Jul-2011
"1,890",27-Jul-2011
"1,862",28-Jul-2011
"1,852",29-Jul-2011
"1,857",01-Aug-2011
"1,854",02-Aug-2011
"1,836",03-Aug-2011
"1,833",04-Aug-2011
"1,852",05-Aug-2011
"1,850",08-Aug-2011
"1,865",09-Aug-2011
"1,841",10-Aug-2011
"1,834",11-Aug-2011
"1,838",12-Aug-2011
"1,837",15-Aug-2011
"1,880",16-Aug-2011
"1,895",17-Aug-2011
"1,874",18-Aug-2011
"1,871",19-Aug-2011
"1,906",22-Aug-2011
"1,944",23-Aug-2011
"1,916",24-Aug-2011
"1,891",25-Aug-2011
"1,922",26-Aug-2011
"1,928",30-Aug-2011
"1,936",31-Aug-2011
"1,927",01-Sep-2011
"1,930",02-Sep-2011
"1,916",05-Sep-2011
"1,884",06-Sep-2011
"1,850",07-Sep-2011
"1,815",08-Sep-2011
"1,815",09-Sep-2011
"1,808",12-Sep-2011
"1,809",13-Sep-2011
"1,786",14-Sep-2011
"1,782",15-Sep-2011
"1,807",16-Sep-2011
"1,768",19-Sep-2011
"1,772",20-Sep-2011
"1,781",21-Sep-2011
"1,773",22-Sep-2011
"1,734",23-Sep-2011
"1,747",26-Sep-2011
"1,759",27-Sep-2011
"1,730",28-Sep-2011
"1,745",29-Sep-2011
"1,699",30-Sep-2011
"1,687",03-Oct-2011
"1,706",04-Oct-2011
"1,717",05-Oct-2011
"1,735",06-Oct-2011
"1,717",07-Oct-2011
"1,707",10-Oct-2011
"1,688",11-Oct-2011
"1,687",12-Oct-2011
"1,687",13-Oct-2011
"1,706",14-Oct-2011
"1,693",17-Oct-2011
"1,684",18-Oct-2011
"1,687",19-Oct-2011
"1,671",20-Oct-2011
"1,654",21-Oct-2011
"1,668",24-Oct-2011
"1,674",25-Oct-2011
"1,700",26-Oct-2011
"1,714",27-Oct-2011
"1,700",28-Oct-2011
"1,673",31-Oct-2011
"1,629",01-Nov-2011
"1,654",02-Nov-2011
"1,682",03-Nov-2011
"1,677",04-Nov-2011
"1,689",07-Nov-2011
"1,652",08-Nov-2011
"1,613",09-Nov-2011
"1,583",10-Nov-2011
"1,575",11-Nov-2011
"1,576",14-Nov-2011
"1,579",15-Nov-2011
"1,578",16-Nov-2011
"1,577",17-Nov-2011
"1,537",18-Nov-2011
"1,514",21-Nov-2011
"1,510",22-Nov-2011
"1,516",23-Nov-2011
"1,518",24-Nov-2011
"1,509",25-Nov-2011
"1,488",28-Nov-2011
"1,460",29-Nov-2011
"1,440",30-Nov-2011
"1,429",01-Dec-2011
"1,402",02-Dec-2011
"1,380",05-Dec-2011
"1,359",06-Dec-2011
"1,334",07-Dec-2011
"1,317",08-Dec-2011
"1,281",09-Dec-2011
"1,362",12-Dec-2011
"1,403",13-Dec-2011
"1,423",14-Dec-2011
"1,394",15-Dec-2011
"1,369",16-Dec-2011
"1,343",19-Dec-2011
"1,400",20-Dec-2011
"1,435",21-Dec-2011
"1,414",22-Dec-2011
"1,407",23-Dec-2011
"1,390",28-Dec-2011
"1,364",29-Dec-2011
"1,380",30-Dec-2011
"1,365",03-Jan-2012
"1,345",04-Jan-2012
"1,332",05-Jan-2012
"1,335",06-Jan-2012
"1,428",09-Jan-2012
"1,544",10-Jan-2012
"1,562",11-Jan-2012
"1,545",12-Jan-2012
"1,511",13-Jan-2012
"1,481",16-Jan-2012
"1,504",17-Jan-2012
"1,503",18-Jan-2012
"1,537",19-Jan-2012
"1,489",20-Jan-2012
"1,483",23-Jan-2012
"1,584",24-Jan-2012
"1,589",25-Jan-2012
"1,591",26-Jan-2012
"1,563",27-Jan-2012
"1,489",30-Jan-2012
"1,497",31-Jan-2012
"1,443",01-Feb-2012
"1,449",02-Feb-2012
"1,502",03-Feb-2012
"1,472",06-Feb-2012
"1,472",07-Feb-2012
"1,469",08-Feb-2012
"1,454",09-Feb-2012
"1,411",10-Feb-2012
"1,438",13-Feb-2012
"1,479",14-Feb-2012
"1,552",15-Feb-2012
"1,537",16-Feb-2012
"1,494",17-Feb-2012
"1,505",20-Feb-2012
"1,548",21-Feb-2012
"1,571",22-Feb-2012
"1,510",23-Feb-2012
"1,505",24-Feb-2012
"1,533",27-Feb-2012
"1,513",28-Feb-2012
"1,479",29-Feb-2012
"1,484",01-Mar-2012
"1,470",02-Mar-2012
"1,440",05-Mar-2012
"1,450",06-Mar-2012
"1,452",07-Mar-2012
"1,504",08-Mar-2012
"1,520",09-Mar-2012
"1,513",12-Mar-2012
"1,514",13-Mar-2012
"1,485",14-Mar-2012
"1,428",15-Mar-2012
"1,461",16-Mar-2012
"1,477",19-Mar-2012
"1,519",20-Mar-2012
"1,514",21-Mar-2012
"1,479",22-Mar-2012
"1,492",23-Mar-2012
"1,513",26-Mar-2012
"1,526",27-Mar-2012
"1,513",28-Mar-2012
"1,463",29-Mar-2012
"1,462",30-Mar-2012
"1,446",02-Apr-2012
"1,419",03-Apr-2012
"1,398",04-Apr-2012
"1,421",05-Apr-2012
"1,378",10-Apr-2012
"1,381",11-Apr-2012
"1,412",12-Apr-2012
"1,452",13-Apr-2012
"1,464",16-Apr-2012
"1,478",17-Apr-2012
"1,468",18-Apr-2012
"1,446",19-Apr-2012
"1,476",20-Apr-2012
"1,444",23-Apr-2012
"1,490",24-Apr-2012
"1,483",25-Apr-2012
"1,498",26-Apr-2012
"1,515",27-Apr-2012
"1,472",30-Apr-2012
"1,515",01-May-2012
"1,538",02-May-2012
"1,517",03-May-2012
"1,511",04-May-2012
"1,538",08-May-2012
"1,540",09-May-2012
"1,545",10-May-2012
"1,550",11-May-2012
"1,526",14-May-2012
"1,548",15-May-2012
"1,550",16-May-2012
"1,528",17-May-2012
"1,551",18-May-2012
"1,539",21-May-2012
"1,511",22-May-2012
"1,485",23-May-2012
"1,473",24-May-2012
"1,476",25-May-2012
"1,481",28-May-2012
"1,475",29-May-2012
"1,450",30-May-2012
"1,471",31-May-2012
"1,452",01-Jun-2012
"1,452",05-Jun-2012
"1,519",06-Jun-2012
"1,521",07-Jun-2012
"1,530",08-Jun-2012
"1,527",11-Jun-2012
"1,552",12-Jun-2012
"1,568",13-Jun-2012
"1,580",14-Jun-2012
"1,575",15-Jun-2012
"1,530",18-Jun-2012
"1,539",19-Jun-2012
"1,508",20-Jun-2012
"1,516",21-Jun-2012
"1,501",22-Jun-2012
"1,488",25-Jun-2012
"1,509",26-Jun-2012
"1,565",27-Jun-2012
"1,587",28-Jun-2012
"1,614",29-Jun-2012
"1,627",02-Jul-2012
"1,651",03-Jul-2012
"1,635",04-Jul-2012
"1,637",05-Jul-2012
"1,604",06-Jul-2012
"1,634",09-Jul-2012
"1,616",10-Jul-2012
"1,607",11-Jul-2012
"1,540",12-Jul-2012
"1,540",13-Jul-2012
"1,518",16-Jul-2012
"1,501",17-Jul-2012
"1,501",18-Jul-2012
"1,532",19-Jul-2012
"1,543",20-Jul-2012
"1,554",23-Jul-2012
"1,540",24-Jul-2012
"1,553",25-Jul-2012
"1,585",26-Jul-2012
"1,603",27-Jul-2012
"1,609",30-Jul-2012
"1,629",31-Jul-2012
"1,654",01-Aug-2012
"1,649",02-Aug-2012
"1,648",03-Aug-2012
"1,642",06-Aug-2012
"1,672",07-Aug-2012
"1,679",08-Aug-2012
"1,666",09-Aug-2012
"1,650",10-Aug-2012
"1,623",13-Aug-2012
"1,647",14-Aug-2012
"1,638",15-Aug-2012
"1,608",16-Aug-2012
"1,624",17-Aug-2012
"1,605",20-Aug-2012
"1,602",21-Aug-2012
"1,574",22-Aug-2012
"1,570",23-Aug-2012
"1,573",24-Aug-2012
"1,677",28-Aug-2012
"1,677",29-Aug-2012
"1,687",30-Aug-2012
"1,686",31-Aug-2012
"1,652",03-Sep-2012
"1,651",04-Sep-2012
"1,702",05-Sep-2012
"1,718",06-Sep-2012
"1,704",07-Sep-2012
"1,694",10-Sep-2012
"1,665",11-Sep-2012
"1,675",12-Sep-2012
"1,677",13-Sep-2012
"1,692",14-Sep-2012
"1,663",17-Sep-2012
"1,633",18-Sep-2012
"1,642",19-Sep-2012
"1,635",20-Sep-2012
"1,626",21-Sep-2012
"1,583",24-Sep-2012
"1,598",25-Sep-2012
"1,597",26-Sep-2012
"1,601",27-Sep-2012
"1,631",28-Sep-2012
"1,580",01-Oct-2012
"1,599",02-Oct-2012
"1,564",03-Oct-2012
"1,532",04-Oct-2012
"1,525",05-Oct-2012
"1,538",08-Oct-2012
"1,562",09-Oct-2012
"1,535",10-Oct-2012
"1,518",11-Oct-2012
"1,523",12-Oct-2012
"1,514",15-Oct-2012
"1,550",16-Oct-2012
"1,527",17-Oct-2012
"1,575",18-Oct-2012
"1,614",19-Oct-2012
"1,628",22-Oct-2012
"1,630",23-Oct-2012
"1,563",24-Oct-2012
"1,556",25-Oct-2012
"1,544",26-Oct-2012
"1,534",29-Oct-2012
"1,544",30-Oct-2012
"1,548",31-Oct-2012
"1,562",01-Nov-2012
"1,582",02-Nov-2012
"1,579",05-Nov-2012
"1,587",06-Nov-2012
"1,551",07-Nov-2012
"1,519",08-Nov-2012
"1,540",09-Nov-2012
"1,545",12-Nov-2012
"1,553",13-Nov-2012
"1,597",14-Nov-2012
"1,604",15-Nov-2012
"1,556",16-Nov-2012
"1,560",19-Nov-2012
"1,579",20-Nov-2012
"1,588",21-Nov-2012
"1,576",22-Nov-2012
"1,598",23-Nov-2012
"1,586",26-Nov-2012
"1,564",27-Nov-2012
"1,577",28-Nov-2012
"1,593",29-Nov-2012
"1,593",30-Nov-2012
"1,603",03-Dec-2012
"1,592",04-Dec-2012
"1,588",05-Dec-2012
"1,620",06-Dec-2012
"1,621",07-Dec-2012
"1,595",10-Dec-2012
"1,518",11-Dec-2012
"1,533",12-Dec-2012
"1,530",13-Dec-2012
"1,545",14-Dec-2012
"1,532",17-Dec-2012
"1,511",18-Dec-2012
"1,484",19-Dec-2012
"1,471",20-Dec-2012
"1,469",21-Dec-2012
"1,460",24-Dec-2012
"1,441",27-Dec-2012
"1,438",28-Dec-2012
"1,435",31-Dec-2012
"1,429",02-Jan-2013
"1,433",03-Jan-2013
"1,422",04-Jan-2013
"1,441",07-Jan-2013
"1,421",08-Jan-2013
"1,426",09-Jan-2013
"1,442",10-Jan-2013
"1,438",11-Jan-2013
"1,451",14-Jan-2013
"1,455",15-Jan-2013
"1,455",16-Jan-2013
"1,489",17-Jan-2013
"1,482",18-Jan-2013
"1,483",21-Jan-2013
"1,443",22-Jan-2013
"1,447",23-Jan-2013
"1,438",24-Jan-2013
"1,417",25-Jan-2013
"1,421",28-Jan-2013
"1,435",29-Jan-2013
"1,420",30-Jan-2013
"1,428",31-Jan-2013
"1,435",01-Feb-2013
"1,427",04-Feb-2013
"1,464",05-Feb-2013
"1,452",06-Feb-2013
"1,457",07-Feb-2013
"1,442",08-Feb-2013
"1,415",11-Feb-2013
"1,412",12-Feb-2013
"1,423",13-Feb-2013
"1,418",14-Feb-2013
"1,409",15-Feb-2013
"1,400",18-Feb-2013
"1,399",19-Feb-2013
"1,404",20-Feb-2013
"1,419",21-Feb-2013
"1,424",22-Feb-2013
"1,434",25-Feb-2013
"1,416",26-Feb-2013
"1,411",27-Feb-2013
"1,409",28-Feb-2013
"1,381",01-Mar-2013
"1,362",04-Mar-2013
"1,365",05-Mar-2013
"1,367",06-Mar-2013
"1,386",07-Mar-2013
"1,426",08-Mar-2013
"1,440",11-Mar-2013
"1,452",12-Mar-2013
"1,453",13-Mar-2013
"1,441",14-Mar-2013
"1,427",15-Mar-2013
"1,414",18-Mar-2013
"1,418",19-Mar-2013
"1,446",20-Mar-2013
"1,455",21-Mar-2013
"1,446",22-Mar-2013
"1,435",25-Mar-2013
"1,447",26-Mar-2013
"1,452",27-Mar-2013
"1,467",28-Mar-2013
"1,471",02-Apr-2013
"1,452",03-Apr-2013
"1,444",04-Apr-2013
"1,431",05-Apr-2013
"1,473",08-Apr-2013
"1,485",09-Apr-2013
"1,481",10-Apr-2013
"1,488",11-Apr-2013
"1,504",12-Apr-2013
"1,504",15-Apr-2013
"1,534",16-Apr-2013
"1,545",17-Apr-2013
"1,546",18-Apr-2013
"1,558",19-Apr-2013
"1,541",22-Apr-2013
"1,551",23-Apr-2013
"1,551",24-Apr-2013
"1,551",25-Apr-2013
"1,542",26-Apr-2013
"1,523",29-Apr-2013
"1,544",30-Apr-2013
"1,566",01-May-2013
"1,565",02-May-2013
"1,563",03-May-2013
"1,563",07-May-2013
"1,556",08-May-2013
"1,554",09-May-2013
"1,541",10-May-2013
"1,580",13-May-2013
"1,597",14-May-2013
"1,569",15-May-2013
"1,529",16-May-2013
"1,549",17-May-2013
"1,538",20-May-2013
"1,569",21-May-2013
"1,562",22-May-2013
"1,537",23-May-2013
"1,522",24-May-2013
"1,503",28-May-2013
"1,504",29-May-2013
"1,500",30-May-2013
"1,491",31-May-2013
"1,507",03-Jun-2013
"1,528",04-Jun-2013
"1,552",05-Jun-2013
"1,568",06-Jun-2013
"1,563",07-Jun-2013
"1,557",10-Jun-2013
"1,551",11-Jun-2013
"1,548",12-Jun-2013
"1,506",13-Jun-2013
"1,464",14-Jun-2013
"1,440",17-Jun-2013
"1,439",18-Jun-2013
"1,436",19-Jun-2013
"1,415",20-Jun-2013
"1,420",21-Jun-2013
"1,413",24-Jun-2013
"1,428",25-Jun-2013
"1,441",26-Jun-2013
"1,434",27-Jun-2013
"1,440",28-Jun-2013
"1,432",01-Jul-2013
"1,451",02-Jul-2013
"1,476",03-Jul-2013
"1,510",04-Jul-2013
"1,504",05-Jul-2013
"1,484",08-Jul-2013
"1,502",09-Jul-2013
"1,491",10-Jul-2013
"1,520",11-Jul-2013
"1,515",12-Jul-2013
"1,515",15-Jul-2013
"1,538",16-Jul-2013
"1,585",17-Jul-2013
"1,608",18-Jul-2013
"1,609",19-Jul-2013
"1,591",22-Jul-2013
"1,598",23-Jul-2013
"1,595",24-Jul-2013
"1,591",25-Jul-2013
"1,576",26-Jul-2013
"1,543",29-Jul-2013
"1,555",30-Jul-2013
"1,572",31-Jul-2013
"1,575",01-Aug-2013
"1,566",02-Aug-2013
"1,611",05-Aug-2013
"1,610",06-Aug-2013
"1,644",07-Aug-2013
"1,655",08-Aug-2013
"1,648",09-Aug-2013
"1,655",12-Aug-2013
"1,633",13-Aug-2013
"1,652",14-Aug-2013
"1,647",15-Aug-2013
"1,643",16-Aug-2013
"1,651",19-Aug-2013
"1,654",20-Aug-2013
"1,618",21-Aug-2013
"1,630",22-Aug-2013
"1,636",23-Aug-2013
"1,629",27-Aug-2013
"1,654",28-Aug-2013
"1,648",29-Aug-2013
"1,639",30-Aug-2013
"1,622",02-Sep-2013
"1,618",03-Sep-2013
"1,657",04-Sep-2013
"1,715",05-Sep-2013
"1,714",06-Sep-2013
"1,700",09-Sep-2013
"1,703",10-Sep-2013
"1,699",11-Sep-2013
"1,709",12-Sep-2013
"1,699",13-Sep-2013
"1,722",16-Sep-2013
"1,705",17-Sep-2013
"1,712",18-Sep-2013
"1,709",19-Sep-2013
"1,700",20-Sep-2013
"1,703",23-Sep-2013
"1,700",24-Sep-2013
"1,675",25-Sep-2013
"1,698",26-Sep-2013
"1,711",27-Sep-2013
"1,707",30-Sep-2013
"1,691",01-Oct-2013
"1,687",02-Oct-2013
"1,663",03-Oct-2013
"1,694",04-Oct-2013
"1,747",07-Oct-2013
"1,754",08-Oct-2013
"1,753",09-Oct-2013
"1,767",10-Oct-2013
"1,779",11-Oct-2013
"1,753",14-Oct-2013
"1,782",15-Oct-2013
"1,775",16-Oct-2013
"1,768",17-Oct-2013
"1,731",18-Oct-2013
"1,735",21-Oct-2013
"1,753",22-Oct-2013
"1,722",23-Oct-2013
"1,706",24-Oct-2013
"1,720",25-Oct-2013
"1,701",28-Oct-2013
"1,690",29-Oct-2013
"1,682",30-Oct-2013
"1,697",31-Oct-2013
"1,695",01-Nov-2013
"1,688",04-Nov-2013
"1,728",05-Nov-2013
"1,725",06-Nov-2013
"1,702",07-Nov-2013
"1,697",08-Nov-2013
"1,659",11-Nov-2013
"1,683",12-Nov-2013
"1,703",13-Nov-2013
"1,710",14-Nov-2013
"1,739",15-Nov-2013
"1,763",18-Nov-2013
"1,775",19-Nov-2013
"1,783",20-Nov-2013
"1,770",21-Nov-2013
"1,763",22-Nov-2013
"1,766",25-Nov-2013
"1,742",26-Nov-2013
"1,726",27-Nov-2013
"1,736",28-Nov-2013
"1,736",29-Nov-2013
"1,746",02-Dec-2013
"1,735",03-Dec-2013
"1,721",04-Dec-2013
"1,716",05-Dec-2013
"1,742",06-Dec-2013
"1,702",09-Dec-2013
"1,713",10-Dec-2013
"1,718",11-Dec-2013
"1,732",12-Dec-2013
"1,767",13-Dec-2013
"1,784",16-Dec-2013
"1,784",17-Dec-2013
"1,771",18-Dec-2013
"1,780",19-Dec-2013
"1,798",20-Dec-2013
"1,791",23-Dec-2013
"1,809",24-Dec-2013
"1,760",27-Dec-2013
"1,716",30-Dec-2013
"1,730",31-Dec-2013
"1,680",02-Jan-2014
"1,730",03-Jan-2014
"1,706",06-Jan-2014
"1,712",07-Jan-2014
"1,724",08-Jan-2014
"1,716",09-Jan-2014
"1,733",10-Jan-2014
"1,744",13-Jan-2014
"1,762",14-Jan-2014
"1,765",15-Jan-2014
"1,773",16-Jan-2014
"1,730",17-Jan-2014
"1,741",20-Jan-2014
"1,717",21-Jan-2014
"1,718",22-Jan-2014
"1,773",23-Jan-2014
"1,777",24-Jan-2014
"1,830",27-Jan-2014
"1,833",28-Jan-2014
"1,842",29-Jan-2014
"1,849",30-Jan-2014
"1,844",31-Jan-2014
"1,862",03-Feb-2014
"1,840",04-Feb-2014
"1,845",05-Feb-2014
"1,847",06-Feb-2014
"1,867",07-Feb-2014
"1,862",10-Feb-2014
"1,861",11-Feb-2014
"1,871",12-Feb-2014
"1,865",13-Feb-2014
"1,860",14-Feb-2014
"1,863",17-Feb-2014
"1,858",18-Feb-2014
"1,839",19-Feb-2014
"1,856",20-Feb-2014
"1,843",21-Feb-2014
"1,840",24-Feb-2014
"1,810",25-Feb-2014
"1,814",26-Feb-2014
"1,825",27-Feb-2014
"1,838",28-Feb-2014
"1,814",03-Mar-2014
"1,828",04-Mar-2014
"1,833",05-Mar-2014
"1,829",06-Mar-2014
"1,842",07-Mar-2014
"1,849",10-Mar-2014
"1,866",11-Mar-2014
"1,847",12-Mar-2014
"1,871",13-Mar-2014
"1,888",14-Mar-2014
"1,898",17-Mar-2014
"1,897",18-Mar-2014
"1,899",19-Mar-2014
"1,882",20-Mar-2014
"1,879",21-Mar-2014
"1,873",24-Mar-2014
"1,875",25-Mar-2014
"1,875",26-Mar-2014
"1,870",27-Mar-2014
"1,883",28-Mar-2014
"1,867",31-Mar-2014
"1,856",01-Apr-2014
"1,845",02-Apr-2014
"1,849",03-Apr-2014
"1,875",04-Apr-2014
"1,869",07-Apr-2014
"1,875",08-Apr-2014
"1,881",09-Apr-2014
"1,862",10-Apr-2014
"1,876",11-Apr-2014
"1,870",14-Apr-2014
"1,860",15-Apr-2014
"1,849",16-Apr-2014
"1,872",17-Apr-2014
"1,860",22-Apr-2014
"1,868",23-Apr-2014
"1,849",24-Apr-2014
"1,837",25-Apr-2014
"1,834",28-Apr-2014
"1,831",29-Apr-2014
"1,835",30-Apr-2014
"1,808",01-May-2014
"1,806",02-May-2014
"1,801",06-May-2014
"1,788",07-May-2014
"1,784",08-May-2014
"1,771",09-May-2014
"1,761",12-May-2014
"1,812",13-May-2014
"1,794",14-May-2014
"1,820",15-May-2014
"1,825",16-May-2014
"1,839",19-May-2014
"1,857",20-May-2014
"1,865",21-May-2014
"1,883",22-May-2014
"1,903",23-May-2014
"1,913",27-May-2014
"1,922",28-May-2014
"1,932",29-May-2014
"1,950",30-May-2014
"1,945",02-Jun-2014
"1,946",03-Jun-2014
"1,961",04-Jun-2014
"1,958",05-Jun-2014
"1,953",06-Jun-2014
"1,956",09-Jun-2014
"1,961",10-Jun-2014
"1,984",11-Jun-2014
"1,964",12-Jun-2014
"1,973",13-Jun-2014
"1,960",16-Jun-2014
"1,970",17-Jun-2014
"1,974",18-Jun-2014
"1,964",19-Jun-2014
"1,965",20-Jun-2014
"1,948",23-Jun-2014
"1,940",24-Jun-2014
"1,950",25-Jun-2014
"1,942",26-Jun-2014
"1,988",27-Jun-2014
"1,979",30-Jun-2014
"1,962",01-Jul-2014
"1,957",02-Jul-2014
"1,954",03-Jul-2014
"1,952",04-Jul-2014
"1,948",07-Jul-2014
"1,952",08-Jul-2014
"1,933",09-Jul-2014
"1,949",10-Jul-2014
"1,959",11-Jul-2014
"1,960",14-Jul-2014
"1,953",15-Jul-2014
"1,944",16-Jul-2014
"1,916",17-Jul-2014
"1,930",18-Jul-2014
"1,948",21-Jul-2014
"1,958",22-Jul-2014
"1,988",23-Jul-2014
"1,986",24-Jul-2014
"1,983",25-Jul-2014
"1,962",28-Jul-2014
"1,980",29-Jul-2014
"2,004",30-Jul-2014
"2,019",31-Jul-2014
"2,014",01-Aug-2014
"2,013",04-Aug-2014
"2,007",05-Aug-2014
"2,024",06-Aug-2014
"2,027",07-Aug-2014
"2,027",08-Aug-2014
"2,026",11-Aug-2014
"2,029",12-Aug-2014
"2,047",13-Aug-2014
"2,072",14-Aug-2014
"2,075",15-Aug-2014
"2,076",18-Aug-2014
"2,052",19-Aug-2014
"2,068",20-Aug-2014
"2,052",21-Aug-2014
"2,057",22-Aug-2014
"2,071",26-Aug-2014
"2,054",27-Aug-2014
"2,075",28-Aug-2014
"2,057",29-Aug-2014
"2,031",01-Sep-2014
"2,002",02-Sep-2014
"2,000",03-Sep-2014
"1,997",04-Sep-2014
"1,997",05-Sep-2014
"2,008",08-Sep-2014
"2,021",09-Sep-2014
"2,027",10-Sep-2014
"2,016",11-Sep-2014
"2,044",12-Sep-2014
"2,038",15-Sep-2014
"2,010",16-Sep-2014
"2,045",17-Sep-2014
"2,065",18-Sep-2014
"2,105",19-Sep-2014
"2,136",22-Sep-2014
"2,110",23-Sep-2014
"2,168",24-Sep-2014
"2,140",25-Sep-2014
"2,124",26-Sep-2014
"2,121",29-Sep-2014
"2,110",30-Sep-2014
"2,028",01-Oct-2014
"1,994",02-Oct-2014
"1,995",03-Oct-2014
"2,007",06-Oct-2014
"1,986",07-Oct-2014
"1,978",08-Oct-2014
"1,983",09-Oct-2014
"2,053",10-Oct-2014
"1,998",13-Oct-2014
"2,035",14-Oct-2014
"2,064",15-Oct-2014
"2,021",16-Oct-2014
"2,034",17-Oct-2014
"2,028",20-Oct-2014
"2,023",21-Oct-2014
"2,029",22-Oct-2014
"2,031",23-Oct-2014
"1,984",24-Oct-2014
"1,933",27-Oct-2014
"1,899",28-Oct-2014
"1,915",29-Oct-2014
"1,930",30-Oct-2014
"1,910",31-Oct-2014
"1,889",03-Nov-2014
"1,900",04-Nov-2014
"1,896",05-Nov-2014
"1,915",06-Nov-2014
"1,927",07-Nov-2014
"1,929",10-Nov-2014
"1,941",11-Nov-2014
"1,902",12-Nov-2014
"1,889",13-Nov-2014
"1,881",14-Nov-2014
"1,897",17-Nov-2014
"1,889",18-Nov-2014
"1,896",19-Nov-2014
"1,895",20-Nov-2014
"1,894",21-Nov-2014
"1,916",24-Nov-2014
"1,895",25-Nov-2014
"1,929",26-Nov-2014
"1,944",27-Nov-2014
"1,924",28-Nov-2014
"1,959",01-Dec-2014
"1,949",02-Dec-2014
"1,938",03-Dec-2014
"1,950",04-Dec-2014
"1,978",05-Dec-2014
"1,980",08-Dec-2014
"1,999",09-Dec-2014
"1,999",10-Dec-2014
"1,922",11-Dec-2014
"1,909",12-Dec-2014
"1,907",15-Dec-2014
"1,928",16-Dec-2014
"1,939",17-Dec-2014
"1,969",18-Dec-2014
"1,988",19-Dec-2014
"1,991",22-Dec-2014
"1,991",23-Dec-2014
"1,989",24-Dec-2014
"1,982",29-Dec-2014
"1,986",30-Dec-2014
"1,980",31-Dec-2014
"1,987",02-Jan-2015
"2,012",05-Jan-2015
"2,000",06-Jan-2015
"2,016",07-Jan-2015
"2,046",08-Jan-2015
"2,037",09-Jan-2015
"2,055",12-Jan-2015
"2,051",13-Jan-2015
"2,049",14-Jan-2015
"2,044",15-Jan-2015
"2,031",16-Jan-2015
"2,034",19-Jan-2015
"2,019",20-Jan-2015
"1,986",21-Jan-2015
"1,961",22-Jan-2015
"1,937",23-Jan-2015
"1,919",26-Jan-2015
"1,914",27-Jan-2015
"1,902",28-Jan-2015
"1,900",29-Jan-2015
"1,905",30-Jan-2015
"1,893",02-Feb-2015
"1,912",03-Feb-2015
"1,921",04-Feb-2015
"1,934",05-Feb-2015
"1,957",06-Feb-2015
"2,008",09-Feb-2015
"1,993",10-Feb-2015
"2,009",11-Feb-2015
"2,016",12-Feb-2015
"2,018",13-Feb-2015
"2,005",16-Feb-2015
"2,024",17-Feb-2015
"2,029",18-Feb-2015
"2,025",19-Feb-2015
"2,038",20-Feb-2015
"2,042",23-Feb-2015
"2,048",24-Feb-2015
"2,000",25-Feb-2015
"2,019",26-Feb-2015
"2,035",27-Feb-2015
"2,037",02-Mar-2015
"2,045",03-Mar-2015
"2,051",04-Mar-2015
"2,051",05-Mar-2015
"2,032",06-Mar-2015
"2,018",09-Mar-2015
"1,988",10-Mar-2015
"1,966",11-Mar-2015
"1,982",12-Mar-2015
"1,991",13-Mar-2015
"1,977",16-Mar-2015
"1,968",17-Mar-2015
"1,949",18-Mar-2015
"1,923",19-Mar-2015
"1,945",20-Mar-2015
"1,920",23-Mar-2015
"1,948",24-Mar-2015
"1,951",25-Mar-2015
"1,940",26-Mar-2015
"1,921",27-Mar-2015
"1,903",30-Mar-2015
"1,901",31-Mar-2015
"1,920",01-Apr-2015
"1,939",02-Apr-2015
"1,942",07-Apr-2015
"1,944",08-Apr-2015
"1,947",09-Apr-2015
"1,940",10-Apr-2015
"1,953",13-Apr-2015
"1,967",14-Apr-2015
"1,945",15-Apr-2015
"1,964",16-Apr-2015
"1,938",17-Apr-2015
"1,905",20-Apr-2015
"1,902",21-Apr-2015
"1,900",22-Apr-2015
"1,916",23-Apr-2015
"1,965",24-Apr-2015
"1,980",27-Apr-2015
"1,971",28-Apr-2015
"1,966",29-Apr-2015
"1,992",30-Apr-2015
"1,974",01-May-2015
"2,002",05-May-2015
"1,989",06-May-2015
"1,995",07-May-2015
"1,980",08-May-2015
"2,018",11-May-2015
"2,040",12-May-2015
"2,046",13-May-2015
"2,049",14-May-2015
"2,068",15-May-2015
"2,079",18-May-2015
"2,098",19-May-2015
"2,084",20-May-2015
"2,096",21-May-2015
"2,112",22-May-2015
"2,119",26-May-2015
"2,126",27-May-2015
"2,125",28-May-2015
"2,107",29-May-2015
"2,094",01-Jun-2015
"2,111",02-Jun-2015
"2,113",03-Jun-2015
"2,102",04-Jun-2015
"2,112",05-Jun-2015
"2,110",08-Jun-2015
"2,097",09-Jun-2015
"2,096",10-Jun-2015
"2,087",11-Jun-2015
"2,102",12-Jun-2015
"2,137",15-Jun-2015
"2,147",16-Jun-2015
"2,128",17-Jun-2015
"2,145",18-Jun-2015
"2,120",19-Jun-2015
"2,135",22-Jun-2015
"2,124",23-Jun-2015
"2,146",24-Jun-2015
"2,138",25-Jun-2015
"2,168",26-Jun-2015
"2,169",29-Jun-2015
"2,139",30-Jun-2015
"2,155",01-Jul-2015
"2,163",02-Jul-2015
"2,159",03-Jul-2015
"2,146",06-Jul-2015
"2,155",07-Jul-2015
"2,161",08-Jul-2015
"2,180",09-Jul-2015
"2,184",10-Jul-2015
"2,182",13-Jul-2015
"2,214",14-Jul-2015
"2,207",15-Jul-2015
"2,194",16-Jul-2015
"2,217",17-Jul-2015
"2,222",20-Jul-2015
"2,223",21-Jul-2015
"2,180",22-Jul-2015
"2,165",23-Jul-2015
"2,131",24-Jul-2015
"2,131",27-Jul-2015
"2,134",28-Jul-2015
"2,139",29-Jul-2015
"2,144",30-Jul-2015
"2,131",31-Jul-2015
"2,110",03-Aug-2015
"2,102",04-Aug-2015
"2,068",05-Aug-2015
"2,033",06-Aug-2015
"2,079",07-Aug-2015
"2,062",10-Aug-2015
"2,049",11-Aug-2015
"2,013",12-Aug-2015
"2,024",13-Aug-2015
"2,020",14-Aug-2015
"2,017",17-Aug-2015
"2,032",18-Aug-2015
"2,061",19-Aug-2015
"2,067",20-Aug-2015
"2,036",21-Aug-2015
"2,040",24-Aug-2015
"2,050",25-Aug-2015
"2,068",26-Aug-2015
"2,081",27-Aug-2015
"2,086",28-Aug-2015
"2,110",01-Sep-2015
"2,095",02-Sep-2015
"2,091",03-Sep-2015
"2,133",04-Sep-2015
"2,147",07-Sep-2015
"2,153",08-Sep-2015
"2,189",09-Sep-2015
"2,183",10-Sep-2015
"2,172",11-Sep-2015
"2,202",14-Sep-2015
"2,186",15-Sep-2015
"2,189",16-Sep-2015
"2,197",17-Sep-2015
"2,208",18-Sep-2015
"2,216",21-Sep-2015
"2,235",22-Sep-2015
"2,253",23-Sep-2015
"2,238",24-Sep-2015
"2,240",25-Sep-2015
"2,210",28-Sep-2015
"2,179",29-Sep-2015
"2,140",30-Sep-2015
"2,132",01-Oct-2015
"2,121",02-Oct-2015
"2,126",05-Oct-2015
"2,120",06-Oct-2015
"2,107",07-Oct-2015
"2,093",08-Oct-2015
"2,084",09-Oct-2015
"2,091",12-Oct-2015
"2,141",13-Oct-2015
"2,108",14-Oct-2015
"2,101",15-Oct-2015
"2,117",16-Oct-2015
"2,155",19-Oct-2015
"2,177",20-Oct-2015
"2,145",21-Oct-2015
"2,141",22-Oct-2015
"2,147",23-Oct-2015
"2,175",26-Oct-2015
"2,193",27-Oct-2015
"2,200",28-Oct-2015
"2,200",29-Oct-2015
"2,208",30-Oct-2015
"2,219",02-Nov-2015
"2,223",03-Nov-2015
"2,186",04-Nov-2015
"2,223",05-Nov-2015
"2,233",06-Nov-2015
"2,206",09-Nov-2015
"2,248",10-Nov-2015
"2,260",11-Nov-2015
"2,275",12-Nov-2015
"2,307",13-Nov-2015
"2,315",16-Nov-2015
"2,306",17-Nov-2015
"2,291",18-Nov-2015
"2,297",19-Nov-2015
"2,298",20-Nov-2015
"2,261",23-Nov-2015
"2,284",24-Nov-2015
"2,253",25-Nov-2015
"2,248",26-Nov-2015
"2,260",27-Nov-2015
"2,261",30-Nov-2015
"2,251",01-Dec-2015
"2,269",02-Dec-2015
"2,280",03-Dec-2015
"2,287",04-Dec-2015
"2,298",07-Dec-2015
"2,255",08-Dec-2015
"2,265",09-Dec-2015
"2,244",10-Dec-2015
"2,257",11-Dec-2015
"2,251",14-Dec-2015
"2,286",15-Dec-2015
"2,262",16-Dec-2015
"2,261",17-Dec-2015
"2,257",18-Dec-2015
"2,248",21-Dec-2015
"2,230",22-Dec-2015
"2,261",23-Dec-2015
"2,264",24-Dec-2015
"2,243",29-Dec-2015
"2,251",30-Dec-2015
"2,262",31-Dec-2015
"2,209",04-Jan-2016
"2,163",05-Jan-2016
"2,115",06-Jan-2016
"2,107",07-Jan-2016
"2,155",08-Jan-2016
"2,068",11-Jan-2016
"2,063",12-Jan-2016
"2,073",13-Jan-2016
"2,061",14-Jan-2016
"2,115",15-Jan-2016
"2,114",18-Jan-2016
"2,144",19-Jan-2016
"2,054",20-Jan-2016
"2,082",21-Jan-2016
"2,084",22-Jan-2016
"2,049",25-Jan-2016
"2,041",26-Jan-2016
"2,005",27-Jan-2016
"2,012",28-Jan-2016
"2,009",29-Jan-2016
"2,067",01-Feb-2016
"1,990",02-Feb-2016
"2,015",03-Feb-2016
"1,969",04-Feb-2016
"1,990",05-Feb-2016
"2,058",08-Feb-2016
"2,037",09-Feb-2016
"2,046",10-Feb-2016
"2,012",11-Feb-2016
"2,060",12-Feb-2016
"2,037",15-Feb-2016
"2,052",16-Feb-2016
"2,073",17-Feb-2016
"2,109",18-Feb-2016
"2,058",19-Feb-2016
"2,108",22-Feb-2016
"2,125",23-Feb-2016
"2,176",24-Feb-2016
"2,195",25-Feb-2016
"2,161",26-Feb-2016
"2,215",29-Feb-2016
"2,198",01-Mar-2016
"2,192",02-Mar-2016
"2,185",03-Mar-2016
"2,216",04-Mar-2016
"2,215",07-Mar-2016
"2,196",08-Mar-2016
"2,224",09-Mar-2016
"2,239",10-Mar-2016
"2,232",11-Mar-2016
"2,220",14-Mar-2016
"2,258",15-Mar-2016
"2,261",16-Mar-2016
"2,260",17-Mar-2016
"2,256",18-Mar-2016
"2,238",21-Mar-2016
"2,235",22-Mar-2016
"2,211",23-Mar-2016
"2,202",24-Mar-2016
"2,186",29-Mar-2016
"2,171",30-Mar-2016
"2,156",31-Mar-2016
"2,127",01-Apr-2016
"2,108",04-Apr-2016
"2,132",05-Apr-2016
"2,149",06-Apr-2016
"2,124",07-Apr-2016
"2,136",08-Apr-2016
"2,146",11-Apr-2016
"2,166",12-Apr-2016
"2,165",13-Apr-2016
"2,197",14-Apr-2016
"2,184",15-Apr-2016
"2,212",18-Apr-2016
"2,221",19-Apr-2016
"2,232",20-Apr-2016
"2,247",21-Apr-2016
"2,270",22-Apr-2016
"2,266",25-Apr-2016
"2,287",26-Apr-2016
"2,279",27-Apr-2016
"2,269",28-Apr-2016
"2,313",29-Apr-2016
"2,300",03-May-2016
"2,299",04-May-2016
"2,274",05-May-2016
"2,225",06-May-2016
"2,236",09-May-2016
"2,253",10-May-2016
"2,240",11-May-2016
"2,201",12-May-2016
"2,180",13-May-2016
"2,157",16-May-2016
"2,133",17-May-2016
"2,141",18-May-2016
"2,120",19-May-2016
"2,148",20-May-2016
"2,214",23-May-2016
"2,194",24-May-2016
"2,170",25-May-2016
"2,167",26-May-2016
"2,210",27-May-2016
"2,238",31-May-2016
"2,237",01-Jun-2016
"2,249",02-Jun-2016
"2,241",03-Jun-2016
"2,258",06-Jun-2016
"2,257",07-Jun-2016
"2,253",08-Jun-2016
"2,258",09-Jun-2016
"2,276",10-Jun-2016
"2,299",13-Jun-2016
"2,308",14-Jun-2016
"2,325",15-Jun-2016
"2,296",16-Jun-2016
"2,286",17-Jun-2016
"2,263",20-Jun-2016
"2,270",21-Jun-2016
"2,281",22-Jun-2016
"2,286",23-Jun-2016
"2,343",24-Jun-2016
"2,395",27-Jun-2016
"2,395",28-Jun-2016
"2,390",29-Jun-2016
"2,385",30-Jun-2016
"2,404",01-Jul-2016
"2,417",04-Jul-2016
"2,485",05-Jul-2016
"2,525",06-Jul-2016
"2,549",07-Jul-2016
"2,546",08-Jul-2016
"2,564",11-Jul-2016
"2,545",12-Jul-2016
"2,577",13-Jul-2016
"2,522",14-Jul-2016
"2,450",15-Jul-2016
"2,470",18-Jul-2016
"2,437",19-Jul-2016
"2,417",20-Jul-2016
"2,362",21-Jul-2016
"2,384",22-Jul-2016
"2,347",25-Jul-2016
"2,342",26-Jul-2016
"2,352",27-Jul-2016
"2,332",28-Jul-2016
"2,297",29-Jul-2016
"2,356",01-Aug-2016
"2,323",02-Aug-2016
"2,379",03-Aug-2016
"2,404",04-Aug-2016
"2,420",05-Aug-2016
"2,404",08-Aug-2016
"2,390",09-Aug-2016
"2,420",10-Aug-2016
"2,413",11-Aug-2016
"2,420",12-Aug-2016
"2,468",15-Aug-2016
"2,485",16-Aug-2016
"2,500",17-Aug-2016
"2,512",18-Aug-2016
"2,492",19-Aug-2016
"2,406",22-Aug-2016
"2,434",23-Aug-2016
"2,415",24-Aug-2016
"2,426",25-Aug-2016
"2,429",26-Aug-2016
"2,361",30-Aug-2016
"2,359",31-Aug-2016
"2,311",01-Sep-2016
"2,290",02-Sep-2016
"2,288",05-Sep-2016
"2,277",06-Sep-2016
"2,281",07-Sep-2016
"2,274",08-Sep-2016
"2,189",09-Sep-2016
"2,207",12-Sep-2016
"2,215",13-Sep-2016
"2,245",14-Sep-2016
"2,274",15-Sep-2016
"2,246",16-Sep-2016
"2,298",19-Sep-2016
"2,305",20-Sep-2016
"2,308",21-Sep-2016
"2,320",22-Sep-2016
"2,290",23-Sep-2016
"2,273",26-Sep-2016
"2,285",27-Sep-2016
"2,263",28-Sep-2016
"2,212",29-Sep-2016
"2,223",30-Sep-2016
"2,267",03-Oct-2016
"2,295",04-Oct-2016
"2,311",05-Oct-2016
"2,279",06-Oct-2016
"2,319",07-Oct-2016
"2,230",10-Oct-2016
"2,249",11-Oct-2016
"2,232",12-Oct-2016
"2,251",13-Oct-2016
"2,268",14-Oct-2016
"2,246",17-Oct-2016
"2,224",18-Oct-2016
"2,238",19-Oct-2016
"2,237",20-Oct-2016
"2,235",21-Oct-2016
"2,231",24-Oct-2016
"2,263",25-Oct-2016
"2,277",26-Oct-2016
"2,272",27-Oct-2016
"2,279",28-Oct-2016
"2,262",31-Oct-2016
"2,229",01-Nov-2016
"2,226",02-Nov-2016
"2,192",03-Nov-2016
"2,103",04-Nov-2016
"2,045",07-Nov-2016
"2,064",08-Nov-2016
"2,050",09-Nov-2016
"2,055",10-Nov-2016
"2,068",11-Nov-2016
"2,034",14-Nov-2016
"2,019",15-Nov-2016
"2,034",16-Nov-2016
"2,031",17-Nov-2016
"2,057",18-Nov-2016
"2,040",21-Nov-2016
"2,055",22-Nov-2016
"2,060",23-Nov-2016
"2,057",24-Nov-2016
"2,044",25-Nov-2016
"2,033",28-Nov-2016
"1,993",29-Nov-2016
"1,964",30-Nov-2016
"1,961",01-Dec-2016
"1,901",02-Dec-2016
"1,861",05-Dec-2016
"1,830",06-Dec-2016
"1,808",07-Dec-2016
"1,773",08-Dec-2016
"1,698",09-Dec-2016
"1,732",12-Dec-2016
"1,754",13-Dec-2016
"1,829",14-Dec-2016
"1,823",15-Dec-2016
"1,818",16-Dec-2016
"1,863",19-Dec-2016
"1,844",20-Dec-2016
"1,852",21-Dec-2016
"1,802",22-Dec-2016
"1,816",23-Dec-2016
"1,805",28-Dec-2016
"1,767",29-Dec-2016
"1,732",30-Dec-2016
"1,757",03-Jan-2017
"1,806",04-Jan-2017
"1,809",05-Jan-2017
"1,821",06-Jan-2017
"1,781",09-Jan-2017
"1,798",10-Jan-2017
"1,751",11-Jan-2017
"1,811",12-Jan-2017
"1,797",13-Jan-2017
"1,792",16-Jan-2017
"1,792",17-Jan-2017
"1,799",18-Jan-2017
"1,758",19-Jan-2017
"1,748",20-Jan-2017
"1,746",23-Jan-2017
"1,757",24-Jan-2017
"1,747",25-Jan-2017
"1,720",26-Jan-2017
"1,696",27-Jan-2017
"1,687",30-Jan-2017
"1,686",31-Jan-2017
"1,686",01-Feb-2017
"1,687",02-Feb-2017
"1,687",03-Feb-2017
"1,676",06-Feb-2017
"1,641",07-Feb-2017
"1,624",08-Feb-2017
"1,622",09-Feb-2017
"1,598",10-Feb-2017
"1,558",13-Feb-2017
"1,540",14-Feb-2017
"1,602",15-Feb-2017
"1,641",16-Feb-2017
"1,613",17-Feb-2017
"1,599",20-Feb-2017
"1,601",21-Feb-2017
"1,594",22-Feb-2017
"1,617",23-Feb-2017
"1,590",24-Feb-2017
"1,578",27-Feb-2017
"1,529",28-Feb-2017
"1,525",01-Mar-2017
"1,561",02-Mar-2017
"1,590",03-Mar-2017
"1,577",06-Mar-2017
"1,580",07-Mar-2017
"1,576",08-Mar-2017
"1,572",09-Mar-2017
"1,597",10-Mar-2017
"1,663",13-Mar-2017
"1,696",14-Mar-2017
"1,683",15-Mar-2017
"1,678",16-Mar-2017
"1,636",17-Mar-2017
"1,722",20-Mar-2017
"1,730",21-Mar-2017
"1,744",22-Mar-2017
"1,750",23-Mar-2017
"1,714",24-Mar-2017
"1,719",27-Mar-2017
"1,708",28-Mar-2017
"1,686",29-Mar-2017
"1,683",30-Mar-2017
"1,679",31-Mar-2017
"1,689",03-Apr-2017
"1,696",04-Apr-2017
"1,691",05-Apr-2017
"1,671",06-Apr-2017
"1,614",07-Apr-2017
"1,579",10-Apr-2017
"1,590",11-Apr-2017
"1,568",12-Apr-2017
"1,522",13-Apr-2017
"1,497",18-Apr-2017
"1,449",19-Apr-2017
"1,385",20-Apr-2017
"1,423",21-Apr-2017
"1,390",24-Apr-2017
"1,418",25-Apr-2017
"1,445",26-Apr-2017
"1,435",27-Apr-2017
"1,403",28-Apr-2017
"1,384",02-May-2017
"1,359",03-May-2017
"1,411",04-May-2017
"1,432",05-May-2017
"1,498",08-May-2017
"1,495",09-May-2017
"1,493",10-May-2017
"1,495",11-May-2017
"1,536",12-May-2017
"1,570",15-May-2017
"1,578",16-May-2017
"1,589",17-May-2017
"1,605",18-May-2017
"1,563",19-May-2017
"1,566",22-May-2017
"1,554",23-May-2017
"1,468",24-May-2017
"1,449",25-May-2017
"1,495",26-May-2017
"1,582",30-May-2017
"1,583",31-May-2017
"1,571",01-Jun-2017
"1,554",02-Jun-2017
"1,541",05-Jun-2017
"1,540",06-Jun-2017
"1,530",07-Jun-2017
"1,536",08-Jun-2017
"1,605",09-Jun-2017
"1,657",12-Jun-2017
"1,622",13-Jun-2017
"1,630",14-Jun-2017
"1,631",15-Jun-2017
"1,607",16-Jun-2017
"1,550",19-Jun-2017
"1,555",20-Jun-2017
"1,512",21-Jun-2017
"1,488",22-Jun-2017
"1,520",23-Jun-2017
"1,490",26-Jun-2017
"1,500",27-Jun-2017
"1,504",28-Jun-2017
"1,486",29-Jun-2017
"1,533",30-Jun-2017
"1,547",03-Jul-2017
"1,535",04-Jul-2017
"1,539",05-Jul-2017
"1,506",06-Jul-2017
"1,487",07-Jul-2017
"1,458",10-Jul-2017
"1,443",11-Jul-2017
"1,452",12-Jul-2017
"1,500",13-Jul-2017
"1,505",14-Jul-2017
"1,507",17-Jul-2017
"1,512",18-Jul-2017
"1,533",19-Jul-2017
"1,548",20-Jul-2017
"1,561",21-Jul-2017
"1,554",24-Jul-2017
"1,521",25-Jul-2017
"1,506",26-Jul-2017
"1,565",27-Jul-2017
"1,595",28-Jul-2017
"1,590",31-Jul-2017
"1,561",01-Aug-2017
"1,580",02-Aug-2017
"1,594",03-Aug-2017
"1,563",04-Aug-2017
"1,584",07-Aug-2017
"1,576",08-Aug-2017
"1,557",09-Aug-2017
"1,538",10-Aug-2017
"1,542",11-Aug-2017
"1,492",14-Aug-2017
"1,459",15-Aug-2017
"1,446",16-Aug-2017
"1,464",17-Aug-2017
"1,481",18-Aug-2017
"1,482",21-Aug-2017
"1,481",22-Aug-2017
"1,472",23-Aug-2017
"1,489",24-Aug-2017
"1,514",25-Aug-2017
"1,528",29-Aug-2017
"1,500",30-Aug-2017
"1,503",31-Aug-2017
"1,503",01-Sep-2017
"1,497",04-Sep-2017
"1,498",05-Sep-2017
"1,459",06-Sep-2017
"1,432",07-Sep-2017
"1,436",08-Sep-2017
"1,427",11-Sep-2017
"1,432",12-Sep-2017
"1,459",13-Sep-2017
"1,466",14-Sep-2017
"1,484",15-Sep-2017
"1,474",18-Sep-2017
"1,468",19-Sep-2017
"1,480",20-Sep-2017
"1,492",21-Sep-2017
"1,472",22-Sep-2017
"1,470",25-Sep-2017
"1,473",26-Sep-2017
"1,498",27-Sep-2017
"1,476",28-Sep-2017
"1,516",29-Sep-2017
"1,529",02-Oct-2017
"1,554",03-Oct-2017
"1,558",04-Oct-2017
"1,579",05-Oct-2017
"1,593",06-Oct-2017
"1,533",09-Oct-2017
"1,547",10-Oct-2017
"1,583",11-Oct-2017
"1,580",12-Oct-2017
"1,566",13-Oct-2017
"1,537",16-Oct-2017
"1,556",17-Oct-2017
"1,560",18-Oct-2017
"1,596",19-Oct-2017
"1,592",20-Oct-2017
"1,580",23-Oct-2017
"1,561",24-Oct-2017
"1,548",25-Oct-2017
"1,576",26-Oct-2017
"1,573",27-Oct-2017
"1,571",30-Oct-2017
"1,553",31-Oct-2017
"1,571",01-Nov-2017
"1,550",02-Nov-2017
"1,559",03-Nov-2017
"1,585",06-Nov-2017
"1,596",07-Nov-2017
"1,629",08-Nov-2017
"1,632",09-Nov-2017
"1,642",10-Nov-2017
"1,638",13-Nov-2017
"1,606",14-Nov-2017
"1,581",15-Nov-2017
"1,587",16-Nov-2017
"1,577",17-Nov-2017
"1,544",20-Nov-2017
"1,544",21-Nov-2017
"1,552",22-Nov-2017
"1,542",23-Nov-2017
"1,533",24-Nov-2017
"1,503",27-Nov-2017
"1,487",28-Nov-2017
"1,496",29-Nov-2017
"1,444",30-Nov-2017
"1,438",01-Dec-2017
"1,406",04-Dec-2017
"1,364",05-Dec-2017
"1,344",06-Dec-2017
"1,326",07-Dec-2017
"1,336",08-Dec-2017
"1,329",11-Dec-2017
"1,371",12-Dec-2017
"1,414",13-Dec-2017
"1,411",14-Dec-2017
"1,407",15-Dec-2017
"1,420",18-Dec-2017
"1,410",19-Dec-2017
"1,420",20-Dec-2017
"1,407",21-Dec-2017
"1,379",22-Dec-2017
"1,366",27-Dec-2017
"1,393",28-Dec-2017
"1,378",29-Dec-2017
"1,383",02-Jan-2018
"1,374",03-Jan-2018
"1,367",04-Jan-2018
"1,364",05-Jan-2018
"1,371",08-Jan-2018
"1,376",09-Jan-2018
"1,404",10-Jan-2018
"1,396",11-Jan-2018
"1,380",12-Jan-2018
"1,404",15-Jan-2018
"1,391",16-Jan-2018
"1,417",17-Jan-2018
"1,403",18-Jan-2018
"1,380",19-Jan-2018
"1,370",22-Jan-2018
"1,364",23-Jan-2018
"1,357",24-Jan-2018
"1,356",25-Jan-2018
"1,381",26-Jan-2018
"1,370",29-Jan-2018
"1,385",30-Jan-2018
"1,399",31-Jan-2018
"1,408",01-Feb-2018
"1,455",02-Feb-2018
"1,457",05-Feb-2018
"1,462",06-Feb-2018
"1,448",07-Feb-2018
"1,460",08-Feb-2018
"1,468",09-Feb-2018
"1,435",12-Feb-2018
"1,446",13-Feb-2018
"1,463",14-Feb-2018
"1,476",15-Feb-2018
"1,484",16-Feb-2018
"1,483",19-Feb-2018
"1,497",20-Feb-2018
"1,519",21-Feb-2018
"1,510",22-Feb-2018
"1,532",23-Feb-2018
"1,551",26-Feb-2018
"1,568",27-Feb-2018
"1,574",28-Feb-2018
"1,602",01-Mar-2018
"1,638",02-Mar-2018
"1,729",05-Mar-2018
"1,750",06-Mar-2018
"1,749",07-Mar-2018
"1,807",08-Mar-2018
"1,771",09-Mar-2018
"1,822",12-Mar-2018
"1,813",13-Mar-2018
"1,787",14-Mar-2018
"1,796",15-Mar-2018
"1,796",16-Mar-2018
"1,731",19-Mar-2018
"1,756",20-Mar-2018
"1,775",21-Mar-2018
"1,786",22-Mar-2018
"1,821",23-Mar-2018
"1,820",26-Mar-2018
"1,770",27-Mar-2018
"1,796",28-Mar-2018
"1,753",29-Mar-2018
"1,733",03-Apr-2018
"1,725",04-Apr-2018
"1,728",05-Apr-2018
"1,685",06-Apr-2018
"1,724",09-Apr-2018
"1,710",10-Apr-2018
"1,741",11-Apr-2018
"1,728",12-Apr-2018
"1,735",13-Apr-2018
"1,791",16-Apr-2018
"1,787",17-Apr-2018
"1,836",18-Apr-2018
"1,838",19-Apr-2018
"1,788",20-Apr-2018
"1,783",23-Apr-2018
"1,804",24-Apr-2018
"1,812",25-Apr-2018
"1,829",26-Apr-2018
"1,837",27-Apr-2018
"1,856",30-Apr-2018
"1,887",01-May-2018
"1,881",02-May-2018
"1,897",03-May-2018
"1,884",04-May-2018
"1,866",08-May-2018
"1,870",09-May-2018
"1,866",10-May-2018
"1,855",11-May-2018
"1,822",14-May-2018
"1,813",15-May-2018
"1,895",16-May-2018
"1,856",17-May-2018
"1,882",18-May-2018
"1,863",21-May-2018
"1,857",22-May-2018
"1,882",23-May-2018
"1,865",24-May-2018
"1,844",25-May-2018
"1,815",29-May-2018
"1,821",30-May-2018
"1,773",31-May-2018
"1,760",01-Jun-2018
"1,693",04-Jun-2018
"1,639",05-Jun-2018
"1,646",06-Jun-2018
"1,615",07-Jun-2018
"1,689",08-Jun-2018
"1,676",11-Jun-2018
"1,685",12-Jun-2018
"1,636",13-Jun-2018
"1,687",14-Jun-2018
"1,750",15-Jun-2018
"1,747",18-Jun-2018
"1,784",19-Jun-2018
"1,845",20-Jun-2018
"1,832",21-Jun-2018
"1,835",22-Jun-2018
"1,834",25-Jun-2018
"1,827",26-Jun-2018
"1,820",27-Jun-2018
"1,885",28-Jun-2018
"1,898",29-Jun-2018
"1,906",02-Jul-2018
"1,868",03-Jul-2018
"1,860",04-Jul-2018
"1,897",05-Jul-2018
"1,876",06-Jul-2018
"1,867",09-Jul-2018
"1,882",10-Jul-2018
"1,867",11-Jul-2018
"1,862",12-Jul-2018
"1,860",13-Jul-2018
"1,885",16-Jul-2018
"1,743",17-Jul-2018
"1,709",18-Jul-2018
"1,693",19-Jul-2018
"1,699",20-Jul-2018
"1,678",23-Jul-2018
"1,653",24-Jul-2018
"1,646",25-Jul-2018
"1,693",26-Jul-2018
"1,648",27-Jul-2018
"1,646",30-Jul-2018
"1,601",31-Jul-2018
"1,529",01-Aug-2018
"1,536",02-Aug-2018
"1,525",03-Aug-2018
"1,583",06-Aug-2018
"1,542",07-Aug-2018
"1,554",08-Aug-2018
"1,539",09-Aug-2018
"1,544",10-Aug-2018
"1,537",13-Aug-2018
"1,529",14-Aug-2018
"1,532",15-Aug-2018
"1,539",16-Aug-2018
"1,534",17-Aug-2018
"1,557",20-Aug-2018
"1,592",21-Aug-2018
"1,625",22-Aug-2018
"1,646",23-Aug-2018
"1,664",24-Aug-2018
"1,649",28-Aug-2018
"1,643",29-Aug-2018
"1,610",30-Aug-2018
"1,635",31-Aug-2018
"1,611",03-Sep-2018
"1,625",04-Sep-2018
"1,615",05-Sep-2018
"1,606",06-Sep-2018
"1,600",07-Sep-2018
"1,603",10-Sep-2018
"1,564",11-Sep-2018
"1,541",12-Sep-2018
"1,549",13-Sep-2018
"1,584",14-Sep-2018
"1,585",17-Sep-2018
"1,592",18-Sep-2018
"1,566",19-Sep-2018
"1,563",20-Sep-2018
"1,565",21-Sep-2018
"1,597",24-Sep-2018
"1,563",25-Sep-2018
"1,539",26-Sep-2018
"1,529",27-Sep-2018
"1,496",28-Sep-2018
"1,463",01-Oct-2018
"1,541",02-Oct-2018
"1,498",03-Oct-2018
"1,508",04-Oct-2018
"1,527",05-Oct-2018
"1,553",08-Oct-2018
"1,573",09-Oct-2018
"1,545",10-Oct-2018
"1,552",11-Oct-2018
"1,596",12-Oct-2018
"1,569",15-Oct-2018
"1,589",16-Oct-2018
"1,615",17-Oct-2018
"1,581",18-Oct-2018
"1,606",19-Oct-2018
"1,641",22-Oct-2018
"1,629",23-Oct-2018
"1,616",24-Oct-2018
"1,675",25-Oct-2018
"1,704",26-Oct-2018
"1,673",29-Oct-2018
"1,703",30-Oct-2018
"1,695",31-Oct-2018
"1,676",01-Nov-2018
"1,675",02-Nov-2018
"1,696",05-Nov-2018
"1,696",06-Nov-2018
"1,698",07-Nov-2018
"1,648",08-Nov-2018
"1,638",09-Nov-2018
"1,618",12-Nov-2018
"1,593",13-Nov-2018
"1,582",14-Nov-2018
"1,599",15-Nov-2018
"1,609",16-Nov-2018
"1,597",19-Nov-2018
"1,578",20-Nov-2018
"1,558",21-Nov-2018
"1,551",22-Nov-2018
"1,533",23-Nov-2018
"1,530",26-Nov-2018
"1,566",27-Nov-2018
"1,556",28-Nov-2018
"1,569",29-Nov-2018
"1,571",30-Nov-2018
"1,572",03-Dec-2018
"1,568",04-Dec-2018
"1,521",05-Dec-2018
"1,501",06-Dec-2018
"1,545",07-Dec-2018
"1,547",10-Dec-2018
"1,486",11-Dec-2018
"1,525",12-Dec-2018
"1,674",13-Dec-2018
"1,665",14-Dec-2018
"1,657",17-Dec-2018
"1,685",18-Dec-2018
"1,709",19-Dec-2018
"1,685",20-Dec-2018
"1,682",21-Dec-2018
"1,704",24-Dec-2018
"1,753",27-Dec-2018
"1,764",28-Dec-2018
"1,766",31-Dec-2018
"1,763",02-Jan-2019
"1,760",03-Jan-2019
"1,724",04-Jan-2019
"1,746",07-Jan-2019
"1,730",08-Jan-2019
"1,709",09-Jan-2019
"1,710",10-Jan-2019
"1,698",11-Jan-2019
"1,678",14-Jan-2019
"1,666",15-Jan-2019
"1,687",16-Jan-2019
"1,684",17-Jan-2019
"1,671",18-Jan-2019
"1,668",21-Jan-2019
"1,633",22-Jan-2019
"1,623",23-Jan-2019
"1,633",24-Jan-2019
"1,601",25-Jan-2019
"1,607",28-Jan-2019
"1,590",29-Jan-2019
"1,582",30-Jan-2019
"1,571",31-Jan-2019
"1,591",01-Feb-2019
"1,633",04-Feb-2019
"1,671",05-Feb-2019
"1,708",06-Feb-2019
"1,698",07-Feb-2019
"1,686",08-Feb-2019
"1,719",11-Feb-2019
"1,709",12-Feb-2019
"1,713",13-Feb-2019
"1,714",14-Feb-2019
"1,761",15-Feb-2019
"1,772",18-Feb-2019
"1,778",19-Feb-2019
"1,766",20-Feb-2019
"1,759",21-Feb-2019
"1,757",22-Feb-2019
"1,736",25-Feb-2019
"1,734",26-Feb-2019
"1,746",27-Feb-2019
"1,709",28-Feb-2019
"1,691",01-Mar-2019
"1,655",04-Mar-2019
"1,646",05-Mar-2019
"1,715",06-Mar-2019
"1,675",07-Mar-2019
"1,703",08-Mar-2019
"1,704",11-Mar-2019
"1,733",12-Mar-2019
"1,727",13-Mar-2019
"1,700",14-Mar-2019
"1,656",15-Mar-2019
"1,654",18-Mar-2019
"1,650",19-Mar-2019
"1,614",20-Mar-2019
"1,620",21-Mar-2019
"1,628",22-Mar-2019
"1,677",25-Mar-2019
"1,687",26-Mar-2019
"1,691",27-Mar-2019
"1,710",28-Mar-2019
"1,728",29-Mar-2019
"1,749",01-Apr-2019
"1,770",02-Apr-2019
"1,780",03-Apr-2019
"1,807",04-Apr-2019
"1,810",05-Apr-2019
"1,795",08-Apr-2019
"1,804",09-Apr-2019
"1,810",10-Apr-2019
"1,809",11-Apr-2019
"1,835",12-Apr-2019
"1,815",15-Apr-2019
"1,809",16-Apr-2019
"1,865",17-Apr-2019
"1,859",18-Apr-2019
"1,846",23-Apr-2019
"1,829",24-Apr-2019
"1,838",25-Apr-2019
"1,876",26-Apr-2019
"1,908",29-Apr-2019
"1,936",30-Apr-2019
"1,918",01-May-2019
"1,933",02-May-2019
"1,909",03-May-2019
"1,887",07-May-2019
"1,877",08-May-2019
"1,879",09-May-2019
"1,868",10-May-2019
"1,855",13-May-2019
"1,768",14-May-2019
"1,727",15-May-2019
"1,743",16-May-2019
"1,729",17-May-2019
"1,743",20-May-2019
"1,771",21-May-2019
"1,761",22-May-2019
"1,773",23-May-2019
"1,789",24-May-2019
"1,785",28-May-2019
"1,783",29-May-2019
"1,796",30-May-2019
"1,785",31-May-2019
"1,751",03-Jun-2019
"1,769",04-Jun-2019
"1,780",05-Jun-2019
"1,782",06-Jun-2019
"1,798",07-Jun-2019
"1,832",10-Jun-2019
"1,836",11-Jun-2019
"1,853",12-Jun-2019
"1,836",13-Jun-2019
"1,831",14-Jun-2019
"1,826",17-Jun-2019
"1,835",18-Jun-2019
"1,838",19-Jun-2019
"1,794",20-Jun-2019
"1,824",21-Jun-2019
"1,812",24-Jun-2019
"1,800",25-Jun-2019
"1,801",26-Jun-2019
"1,786",27-Jun-2019
"1,771",28-Jun-2019
"1,799",01-Jul-2019
"1,784",02-Jul-2019
"1,766",03-Jul-2019
"1,796",04-Jul-2019
"1,785",05-Jul-2019
"1,862",08-Jul-2019
"1,840",09-Jul-2019
"1,802",10-Jul-2019
"1,766",11-Jul-2019
"1,777",12-Jul-2019
"1,720",15-Jul-2019
"1,722",16-Jul-2019
"1,836",17-Jul-2019
"1,833",18-Jul-2019
"1,836",19-Jul-2019
"1,866",22-Jul-2019
"1,853",23-Jul-2019
"1,842",24-Jul-2019
"1,843",25-Jul-2019
"1,825",26-Jul-2019
